Title,Content,Date
Petronas Gas sambung perjanjian pemprosesan gas bersama PETRONAS,"KUALA LUMPUR: Petronas Gas Bhd (PGB) memasuki penggal kedua Perjanjian 
 Pemprosesan Gas (GPA) bersama PETRONAS yang akan bermula esok dan 
 berlanjutan hingga ...",31 Dec 2018
Pabuk storm: Petronas activates emergency response team,"KUALA TERENGGANU: Petronas has activated its Emergency Response Team as 
 their Peninsular Malaysia Assets' offshore facilities are experiencing high 
 waves ...",3 Jan 2019
Petronas Gas to see neutral impact from TPA,"As per Petronas Gas' filing on Bursa Malaysia, the TPA system will allow 
 multiple entities to have access to and utilise the gas facilities 
 available in ...",3 Jan 2019
Ribut Pabuk: Petronas aktifkan pasukan respons kecemasan,"Petroliam Nasional Bhd (Petronas) mengaktifkan Pasukan Respons Kecemasannya 
 berikutan kemudahan aset luar pesisir syarikat itu di Semenanjung 
 Malaysia ...",3 Jan 2019
"Sarawak, PETRONAS terus bincang isu petroleum","KUCHING: Perbincangan antara kerajaan negeri Sarawak dengan PETRONAS 
 mengenai isu petroleum akan diteruskan, kata Ketua Menteri Sarawak Datuk 
 Patinggi Abang ...",3 Jan 2019
"Aramco, Petronas near startup of Malaysia's RAPID refinery","The jointly held Saudi Aramco-Petronas $27-28 billion Pengerang Integrated 
 Complex in southeastern Johor, Malaysia, is preparing for official startup 
 of ...",4 Jan 2019
KKB Engineering dilantik kontraktor PETRONAS,"KUALA LUMPUR: OceanMight Sdn Bhd, anak syarikat KKB Engineering Bhd, 
 dipilih menjadi antara kontraktor PETRONAS membabitkan peruntukan 
 kejuruteraan, ...",6 Jan 2019
Sapura Reports Raft of New Contracts,"In addition, Sapura Drilling has been awarded a contract extension by 
 PETRONAS Carigali Sdn Bhd for the provision of semi-tender assisted 
 drilling rig, ...",7 Jan 2019
Sapura Energy bags RM760 mil worth of contracts,"SDASB was also awarded with a contract extension by Petronas for 
 semi-tender assisted drilling rig Sapura Berani to drill two wells in Sabah.",7 Jan 2019
MMHE peroleh kerangka perjanjian kontrak PETRONAS,"... Malaysia Marine and Heavy Engineering Sdn Bhd (MMHE) dianugerahkan 
 kerangka perjanjian oleh PETRONAS bagi melaksanakan bidang kejuruteraan, ...",8 Jan 2019
Petronas & Repsol Kerja Sama Garap WK Sakakemang di Sumsel,Petronas dan Repsol masing-masing melalui anak ...,8 Jan 2019
Meet the men behind Petronas De Rooy Iveco Team,"A strict procedure dictates the 32 team members of the Petronas De Rooy 
 Iveco Team and in the middle of the dust and 'fesh fesh' of the Dakar 
 bivouac, ...",9 Jan 2019
MHB to Handle Petronas Offshore Structures,"Specialist contractor Malaysia Marine and Heavy Engineering Holdings, or 
 MHB, has signed a framework agreement with oil major Petronas for the 
 provision of ...",11 Jan 2019
Petronas Chemicals profit seen under pressure on expected ...,"Petronas Chemicals Group Bhd (Jan 10, RM8.70) Maintain buy at unchanged 
 target price (TP) of RM10.80. Since the beginning of January 2019, 
 Petronas ...",11 Jan 2019
Petronas not linked to investment scam/phishing website,"In a statement today, Petronas said the group has been made aware of fake 
 stories of Tan Sri Wan Zulkiflee Wan Ariffin launching new cryptocurrency 
 technology ...",11 Jan 2019
It is not just about the money,"After quitting the Petronas job, Tang was saddled with a student loan, 
 which he settled by taking advantage of various interest-free credit card 
 payment plans.",11 Jan 2019
"Don't use phone near petrol pumps, Petronas 'reminds ...","National petroleum company Petronas has reminded Youth and Sports Minister 
 Syed Saddiq Syed Abdul Rahman's communications team not to use mobile 
 phones near ...",14 Jan 2019
W Hotel near Petronas Twin Towers for sale for RM360mil,"Sources said the price the owner is seeking may be acceptable to foreign 
 investors, especially those from China, who may view its proximity to the 
 Petronas ...",14 Jan 2019
Petronas tegur tim Syed Saddiq guna telefon di stesen minyak,"Gambar itu menarik perhatian Petronas Brands yang mengeluarkan nasihat 
 supaya tidak menggunakan telefon bimbit sewaktu berdekatan dengan pam.",14 Jan 2019
"Petronas Reminds Everyone Safety Comes First After #TeamSaddiq Posted This 
 Picture","On 13 January, a photo of Youth and Sports Minister Syed Saddiq pumping 
 petrol at a Petronas station was posted on his communication team's 
 official Twitter ...",15 Jan 2019
A Malaysian geologist in New York,"In his first column, the geologist with 30-years experience working with 
 Petronas gives an introduction to the world of geology; beginning with his 
 work at ...",15 Jan 2019
"Syed Saddiq Kena Tegur Petronas, Kenapa?","Namun foto itu langsung kena tegur akun Twitter resmi Petronas. Terlebih, 
 di dekat pom bensin itu terlihat keterangan gambar dilarang menggunakan 
 ponsel saat ...",15 Jan 2019
"Fintech summit explores blockchain revolution, lack of support ...","DRUM roll please – Hisham Albakri has not one, not two, but four children 
 who have studied in UTP (Universiti Teknologi PETRONAS).",15 Jan 2019
"Petronas in talks to enter India's solar energy firm, says report","KUALA LUMPUR (Jan 16):Petroliam Nasional Bhd (Petronas) is seeking to buy 
 into one of India's largest rooftop solar power producers, Indian 
 business ...",16 Jan 2019
PETRONAS rancang beli kepentingan pengeluar solar India,"KUALA LUMPUR: PETRONAS merancang untuk membeli kepentingan majoriti dalam 
 Amplus Energy Solutions Pvt Ltd, antara pengeluar tenaga solar bumbung 
 terbesar di ...",16 Jan 2019
"Petronas, AirAsia warn public against scams using their names","In separate statements, national petroleum company Petronas and low-cost 
 airline AirAsia urged their customers to avoid being misled by the 
 online ...",18 Jan 2019
Malaysia News: Latest National News,"Sarawak Timber Association thanks Forest Dept for speedy verification on 
 cause of recent logjam · Malaysia loses another 339 people to Covid-19 
 today · Petronas ...",19 Jan 2019
2019 MotoGP Calendar released - Petronas Yamaha Sepang ...,"The other Malaysian in the top level of motorcycle racing is Khairul Idham 
 Pawi with Petronas Sprinta Racing in Moto2. 2018 MotoGP - 28. 2018 MotoGP - 
 23.",22 Jan 2019
"Petronas, Saudi Aramco alliance commences start-up of ...","KUALA LUMPUR: Pengerang Refining and Petrochemical (PRefChem), a strategic 
 alliance between Petroliam Nasional Bhd (Petronas) and Saudi Arabian Oil 
 Co ...",23 Jan 2019
MotoGP: How The PETRONAS Yamaha Sepang Racing ...,"“Building a MotoGP team is a completely different dimension compared to 
 Moto2 or Moto3,” reflects PETRONAS Yamaha SRT Team Principal Razlan Razali.",24 Jan 2019
"Malaysia's Petronas sets Feb MCO OSP premium at $5.40/b to Dated Brent, 
 down from Jan","Petronas lowered the February Malaysian Crude Oil official selling price 
 differential by 10 cents/b from January to a premium of $5.40/b to Platts 
 Dated ...",24 Jan 2019
Petronas lancar filem web Tahun Baharu Cina 2019,"KUALA LUMPUR: Semangat kekeluargaan ditonjolkan Lyann dan ibunya menerusi 
 iklan terbaru Petronas cukup dekat di hati penonton yang sering berdepan 
 dilema ...",25 Jan 2019
Petronas launches CNY ad 'Heart',"KUALA LUMPUR: Petroliam Nasional Berhad (Petronas) yesterday launched its 
 latest webfilm and TV commercial titled 'Heart' to usher in the Chinese New 
 Year ...",25 Jan 2019
Art of Heart: Petronas unveils heart-rending Chinese New Year TV ad,"PETALING JAYA: Petronas's festive television advertisements, which excel at 
 pulling on heartstrings while also tickling funny bones, are among the 
 modern ...",26 Jan 2019
Pasukan sulung MotoGP negara dirasmikan,"KUALA LUMPUR: Pasukan MotoGP pertama negara, PETRONAS Yamaha Sepang Racing 
 diperkenalkan hari ini dengan kedua-dua pelumba - Franco Morbidelli dan 
 Fabio ...",28 Jan 2019
"Stunning Foggy Petronas FP1 sells for £31,275","One of the road bikes manufactured for Petronas by Essex-based engineering 
 firm, MSX International, the bike uses a Suter Racing 899.5cc four-stroke, 
 triple ...",28 Jan 2019
2019 Petronas Yamaha Sepang Racing Team launch ...,"Leading the charge was the Petronas Yamaha SRT YZR-M1 which will be 
 contested in the top class, MotoGP, with riders Franco Morbidelli and Fabio 
 Quartararo. In ...",29 Jan 2019
Petronas Primax 95 with Pro-Drive launched - improved ...,"The RON 95 fuel has been updated with a new multi-functional additive 
 package, which includes the world's first dual friction modifier. According 
 to Petronas, ...",29 Jan 2019
Petronas CNY TV ad reminds viewers of greatest blessings,"PETALING JAYA: Petronas' festive television advertisements, which pull the 
 heartstrings and tickle funny bones, are among traditions Malaysians look 
 forward ...",29 Jan 2019
"Petronas Yamaha SRT, Bukti Komitmen Malaysia ke MotoGP","Petronas Yamaha dikelola oleh SIC Racing, yang sebelumnya punya tim di 
 Moto2 dan Moto3. Petronas Yamaha bisa berlaga di MotoGP 2019 dengan 
 menggantikan tim ...",29 Jan 2019
Naik taraf stesen Petronas diteruskan,"Pengarah Urusan dan Ketua Pegawai Eksekutif Petronas Dagangan Bhd, Datuk 
 Seri Syed Zainal Abidin Syed Mohamed Tahir. Foto NSTP/Mahzir Mat Isa. KUALA 
 LUMPUR: ...",29 Jan 2019
"After Petronas, Uzma strongly refutes allegations published in ...","Sabahkini2.com alleged that Uzma received preferential treatment from 
 Petronas. Earlier today, Petronas issued a statement in response to 
 allegations in the ...",30 Jan 2019
"Petronas rangkul tiga anugerah, kekal syarikat minyak terbaik Asia Pasifik","SINGAPURA: Petroliam Nasional Bhd (PETRONAS) memenangi tiga anugerah pada 
 majlis Anugerah Tenaga Asia Pasifik oleh Majlis Tenaga, pada Rabu.",30 Jan 2019
PETRONAS sangkal tuduhan portal,"KUALA LUMPUR: PETRONAS menafikan sekeras-kerasnya tuduhan yang dilemparkan 
 dalam sebuah hantaran pada satu blog dan berkata ia adalah tidak benar dan 
 tidak ...",30 Jan 2019
"Thursday, January 31st, 2019 Petronas grabs three awards ...","Petronas' Senior Vice President of Development & Production, Upstream 
 Business, Adif Zulkifli received the award on behalf of the national oil 
 company.",31 Jan 2019
"Petronas, Uzma refute allegations of preferential treatment","KUALA LUMPUR: Petroliam Nasional Bhd (Petronas) and Uzma Bhd yesterday 
 issued separate statements to refute allegations of preferential treatment 
 that were ...",31 Jan 2019
Petronas launches Coffee Break campaign for Chinese New ...,"In conjunction with the campaign, Petronas has also launched its National 
 Safest Driver Challenge in collaboration with PLUS highway, Touch 'n Go and 
 GPS ...",1 Feb 2019
Petronas' 25%-owned LNG Canada committed to 'hire local ...,"KUALA LUMPUR (Feb 1): Petroliam Nasional Bhd's (Petronas) 25%-owned C$40 
 billion (about RM124.63 billion) LNG Canada project has publicly committed 
 to using ...",1 Feb 2019
Duit Petronas bayar tuntutan palsu GST? - Najib,"Adakah wang sebanyak RM19.2 bilion daripada RM82 bilion yang diambil dari 
 Petroliam Nasional Bhd (Petronas) akan digunakan untuk membayar tututan GST 
 yang ...",2 Feb 2019
Video: Behind the scenes at the Petronas SRT team launch,"Petronas SRT joins the MotoGP grid for the first time this year as the 
 satellite Yamaha squad with Franco Morbidelli and Fabio Quartararo. Both 
 were on hand to ...",2 Feb 2019
Petronas launch new motorcycle oil,"Petronas launch new motorcycle oil. Just in time for the new MotoGP season, 
 petrochemical giant Petronas launch Sprinta, the new motorcycle oil for all 
 engine ...",5 Feb 2019
Petronas SRT's Quartararo gets '19 MotoGP bike in Yamaha U-turn,"MotoGP rookie Fabio Quartararo has been upgraded to a 2019-spec Yamaha for 
 his debut premier class season with the newly-formed Petronas SRT outfit.",6 Feb 2019
Pasukan MotoGP tuan rumah peroleh data berharga di litar Sepang,"Pelumba Petronas Yamaha Sepang Racing Team (Petronas Yamaha SRT) memperoleh 
 data berharga pada sesi ujian pertama di laman sendiri pada Rabu. - Gambar 
 Fail.",6 Feb 2019
Looking for more sustainable way to benefit off Petronas,"This largely explains how Petronas continues to build its cash pile, which 
 is further boosted by its share of profits from the oil companies' 
 production in ...",7 Feb 2019
Mercedes AMG Petronas Motorsport Links Up With Cyber ...,"Mercedes AMG Petronas Motorsport have linked up with CrowdStrike®Inc. ahead 
 of the 2019 FIA Formula 1 World Championship. The partnership will help 
 protect ...",7 Feb 2019
Top 10 a good start for Petronas Yamaha - Morbidelli,"Petronas Yamaha ends positive first MotoGP test of 2019 inside the top 10 
 as Franco Morbidelli makes progress. By Lewis Larkam. Sat, 9 Feb 2019. 
 Share: 0.",9 Feb 2019
"Ducati: Sechs MotoGP-Fahrer, nur noch zwei Modelle","Inzwischen hat sich das Ángel Nieto-Team aus der MotoGP-Klasse 
 zurückgezogen, die beiden Startplätze hat Petronas-Yamaha übernommen.",10 Feb 2019
PM Mahathir confers lifetime achievement award at Petronas SIC-MAM Awards,"""On behalf of Petronas, we would like to congratulate Tun Dr Mahathir 
 Mohamad on the conferment of the Lifetime Achievement Award for his 
 continuous support ...",12 Feb 2019
Rowan executes contract with Petronas Mexico for Rowan ...,"Following the initial contract term, Petronas has a one-well priced option 
 with an estimated duration of 80 days. The Rowan Renaissance is currently 
 under ...",13 Feb 2019
Petronas group CEO named among 100 best global brand ...,"Petroliam Nasional Bhd (Petronas) president and group chief executive 
 officer Wan Zulkiflee Wan Ariffin has made it to the list of 100 best 
 global Brand ...",15 Feb 2019
Petronas' Wan Zulkiflee ranks #95 in best global Brand Guardians list,"NSTP picture by AZHAR RAMLI. KUALA LUMPUR: Petroliam Nasional Bhd 
 (Petronas) president and chief executive officer Tan Sri Wan Zulkiflee Wan 
 Ariffin has made ...",15 Feb 2019
CEO PETRONAS disenarai 100 Penjaga Jenama terbaik global,"KUALA LUMPUR: Presiden dan Ketua Pegawai Eksekutif (CEO) Kumpulan PETRONAS, 
 Tan Sri Wan Zulkiflee Wan Ariffin disenaraikan sebagai 100 Penjaga 
 Jenama ...",15 Feb 2019
Petronas CEO makes it to 2019 Brand Guardians list,"KUALA LUMPUR: Brand Finance has included Petronas president and group CEO 
 Tan Sri Wan Zulkiflee Wan Ariffin (pic), for the first time, into its list 
 of the ...",16 Feb 2019
Petronas Gas FY18 net profit weighed by Kimanis Power,"Petronas Gas said on Monday the losses from Kimanis Power were due to a 
 de-recognition of deferred tax assets (DTA) in relation to certain tax 
 benefits ...",18 Feb 2019
CM: Sabah-Petronas cooperation vital to create jobs for ...,"TAWAU: It is vital for the cooperation between Petronas and the Sabah 
 government to be maintained to ensure that the oil and gas sector in the 
 state can ...",18 Feb 2019
Keuntungan bersih 2018 Petronas Gas meningkat RM1.81b,"Petronas Gas berkata peningkatan keuntungan itu disokong oleh hasil tinggi 
 yang dicapai tetapi diimbangi oleh kerugian dalam Kimanis Power Sdn Bhd 
 (KPSB) ...",18 Feb 2019
Anak syarikat Deleum dapat kontrak Petronas Carigali,"... injap julangan gas dan peralatan pemasangan, aksesori dan servis 
 daripada Petronas Carigali Sdn Bhd yang juga anak syarikat milik penuh 
 PETRONAS.",18 Feb 2019
PETRONAS Lubricants International launches ETRO+ a ...,"PETRONAS Lubricants International (PLI) unveiled its unique base oil ETRO+, 
 the next evolution in Group III base oils. An improvement from the existing 
 ETRO ...",19 Feb 2019
"PETRONAS, JV temui lapangan gas terbesar di Indonesia","KUALA LUMPUR: PETRONAS dan rakan usaha samanya (JV), Repsol serta MOECO 
 berjaya membuat penemuan lapangan gas terbesar dalam tempoh 18 tahun di 
 blok ...",19 Feb 2019
"Yayasan PETRONAS sumbang wang tunai, barangan RM200,000 sempena Tahun 
 Baharu Cina","Sumbangan itu diberikan melalui program Sentuhan Kasih PETRONAS Tahun 
 Baharu Cina 2019, baru-baru ini, yang diadakan di Sarawak, diikuti Melaka, 
 Selangor, ...",19 Feb 2019
"Yayasan PETRONAS sumbang RM40,000 kepada Rumah Orang Tua GPPTK","KUANTAN: Yayasan PETRONAS menyampaikan sumbangan peralatan, hamper barangan 
 dan angpau berjumlah RM40,000 kepada Rumah Orang Tua Gabungan ...",19 Feb 2019
AZRB subsidiary bags RM150.5m worth of Petronas jobs in ...,"Besides the refurbishment and upgrading of the Petronas office and 
 operation complexes, AZRB said Ahmad Zaki Sdn Bhd will also construct a new 
 annex building ...",20 Feb 2019
Petronas integrity chief: Political appointees in GLCs fine - if ...,"KUALA LUMPUR: Political appointees in government-linked corporations (GLCs) 
 are acceptable – as long as there is transparency in the system, says 
 Petronas ...",21 Feb 2019
TRX office space to take a long time to achieve full occupancy ...,"""Petronas Twin Towers only reached full occupancy for the second tower with 
 total space of 1.25 million sq ft after 10 years. The first tower was 
 already pre- ...",21 Feb 2019
Petronas to focus on Group III+ base oils,"Petronas Lubricants International (PLI) is refocusing on Group III+ base 
 oils, and the business plans to expand its production despite longer-term 
 concerns ...",22 Feb 2019
Petronas teams up with more banks for financing solutions for ...,"KUALA LUMPUR (Feb 22): Petronas is collaborating with another five 
 financial institutions to provide financial solutions to Oil & Gas Services 
 and Equipment ...",23 Feb 2019
Fire at Petronas LNG Complex successfully extinguished ...,"File photo of the Petronas Bintulu Malaysia LNG Complex. BINTULU: A fire 
 broke out at the sea cooling water outfall channel, outside of the plant 
 processing ...",23 Feb 2019
Petronas Sprinta launches mobile service workshop - paultan ...,"Malaysian motorcyclists will find it easier to get their rides serviced 
 with the launch of the Petronas Sprinta mobile workshop. Touted as the 
 first of its ...",25 Feb 2019
Petronas Bintulu LNG project's output is said unaffected by fire,"22 fire at Petronas' Bintulu LNG complex in Malaysia had no immediate 
 impact on production, according to people with knowledge of the matter.",25 Feb 2019
Tukar minyak pelincir di bengkel bergerak,"PETRONAS Lubricants Marketing (Malaysia) Sdn Bhd, anak syarikat Petronas 
 Dagangan Berhad (PDB) memperkenalkan bengkel motosikal bergerak yang 
 pertama ...",25 Feb 2019
"Pertamina, Petronas sign MoU on business development","Jakarta, (ANTARA News) - PT Pertamina Persero and Petroliam Nasional Berhad 
 (Petronas) signed a memorandum of understanding (MoU) on the synergy to 
 develop ...",26 Feb 2019
Petronas rider Fabio clocks third fastest time in Qatar,"... posting the third fastest time for Petronas Yamaha Sepang Racing Team 
 during the final pre-season official testing at the Losail Circuit in Doha, 
 Qatar.",26 Feb 2019
Pertamina dan Petronas Kerja Sama Kembangkan Bisnis Migas,"TEMPO.CO, Jakarta - PT Pertamina (Persero) dan Petroliam Nasional Berhad 
 (Petronas) menandatangani nota kesepahaman dalam mengembangkan bisnis migas 
 serta ...",26 Feb 2019
PETRONAS Yamaha Sepang Racing catat keputusan positif di Losail,"KUALA LUMPUR: PETRONAS Yamaha Sepang Racing menamatkan sesi ujian rasmi 
 terakhir MotoGP dengan kedua-dua pelumbanya berada dalam kelompok 10 
 terbaik di ...",26 Feb 2019
PETRONAS Introduces New Trackside Fluid Engineer to ...,"Welcome to the Mercedes-AMG PETRONAS Motorsport family, Stephanie!"" 
 Technical partner since 2010, PETRONAS has co-engineered PETRONAS Primax 
 fuel, PETRONAS ...",28 Feb 2019
Petronas LNG floater heads to new home off Sabah,"Zamri Jusoh, the vice president of Malaysia Petroleum Management at state 
 energy giant Petronas, said the company's PFLNG ...",28 Feb 2019
Petronas’ new foundation to centralise CSR work,"Called Yayasan Petronas (YP), the launch of the foundation was officiated 
 by Deputy Prime Minister Datuk Seri Dr Wan Azizah Wan Ismail, and is meant 
 to deliver ...",1 Mar 2019
Ex-Petronas CFO Manharlal Ratilal joins Genting's board of ...,"Ratilal, 59, also known as George Ratilal, held the VP/CFO post in 
 Petronas, where he was also a member of the board and executive leadership 
 team — he also sat ...",1 Mar 2019
Pertamina Kaji Kerja Sama Olah Minyak Mentah dengan ...,"""Jadi yang kami jajaki, apakah bisa kami gunakan kilang Petronas olah untuk 
 CPD dari Malaysia. Jadi selain punya Pertamina yang ada di Malaysia, atau 
 kami ambil ...",1 Mar 2019
"More fuel stations in rural areas, fuel price difference to be ...","For the difference in prices, Chong made particular reference in Kapit 
 where petrol and diesel are sold nine sen higher by “another brand of oil” 
 (not Petronas) ...",3 Mar 2019
Petronas ventures into electric vehicle market with e-fluids,"The national oil company, through unit Petronas Lubricants International 
 (PLI), unveiled Petronas iona range of e-fluids at the Geneva International 
 Motor Show ...",5 Mar 2019
"Unlikely twins and differing fortunes: Malaysia's Petronas & Indonesia's 
 Pertamina","For Petronas, RAPID marks a milestone as it prepares for a future with less 
 crude oil output while serving the region's booming fuel demand.",6 Mar 2019
Petronas ventures into e-mobility with the launch of Petronas ...,"PETALING JAYA: Petonas Lubricants International (PLI) is venturing into the 
 electric vehicle (EV) market with Petronas iona range of e-fluids for 
 passenger ...",6 Mar 2019
PETRONAS susun strategi hadapi cabaran,"Pengerusi PETRONAS, Datuk Ahmad Nizam Salleh pada sesi temubual di Menara 
 Berkembar PETRONAS. Foto NSTP/Mahzir Mat Isa. KUALA LUMPUR: “PETRONAS 
 bersedia ...",6 Mar 2019
"Malaysia's Petronas grows freely, Indonesia's Pertamina ...","For Petronas, RAPID marks a milestone as it prepares for a future with less 
 crude oil output while serving the region's booming fuel demand. RAPID, 
 being built ...",7 Mar 2019
Petronas bayar dividen khas RM30 bilion kepada kerajaan,"8 bilion atau 17.1 peratus daripada Keluaran Dalam Negara Kasar (KDNK) bagi 
 2019. Bayaran dividen khas daripada keuntungan Petronas itu akan 
 digunakan ...",7 Mar 2019
Toast to an outstanding leader,"WHEN Petronas chief executive officer Tan Sri Wan Zulkiflee Wan Ariffin 
 (pic) was named as one of the 100 global Brand Guardians for 2019, almost 
 all the ...",7 Mar 2019
"Sunningdale to Quarz: Focus is on fundamentals, long-term ...","NEWS: Petronas CEO: 'Exploration is not dead'. 27 Aug | 08:16pm. News, 
 Featured · NEWS: Oil seen hovering at US$55-US$60 per barrel. 27 Aug | 
 12:40pm.",7 Mar 2019
"Petronas profit rises 22% to RM55.3bil in FY18, despite ...","KUALA LUMPUR: Petroliam Nasional Bhd (Petronas) profit after tax decreased 
 21% to RM14.3bil for the fourth quarter ended Dec 31, 2018 primarily due 
 to ...",8 Mar 2019
Petronas announces full-year profit of $13.5bn in 2018,"Malaysian oil and gas company Petronas has announced its full-year results 
 for 2018, reporting a profit after tax (PAT) of $13.5bn (RM55.3bn).",8 Mar 2019
Petronas rekod pendapatan RM251 bilion,"Keuntungan Selepas cukai (PAT) Kumpulan Petronas merekodkan peningkatan 22 
 peratus kepada RM55.3 bilion bagi tahun kewangan 2018. Najib Aroff.",8 Mar 2019
Petronas bayar dividen khas RM30 bilion,"PETROLIAM Nasional Bhd (Petronas) akan membayar dividen sebanyak RM54 
 bilion kepada kerajaan termasuk dividen khas RM30 bilion bagi tahun 
 kewangan berakhir ...",8 Mar 2019
Petronas' PIC remains on track for completion below budget,"KUALA LUMPUR (March 8): Petronas said today that its US$27 billion (about 
 RM110.5 billion) Pengerang Integrated Complex (PIC) remains on track for ...",8 Mar 2019
PETRONAS komited tangani masalah aliran tunai kontraktor,"Presiden dan Ketua Pegawai Eksekutif Kumpulan PETRONAS, Tan Sri Wan 
 Zulkiflee Wan Ariffin. Foto NSTP/Asyraf Hamzah. KUALA LUMPUR: PETRONAS 
 sudah melaksanakan ...",8 Mar 2019
Petronas launches new iona e-fluids for EVs in Geneva ...,"Petronas Lubricants has launched its iona range of e-fluids for the 
 electric vehicle market at the Geneva Motor Show, and is part of the 
 company's pledge to ...",8 Mar 2019
Pertamina hopes to benefit from Petronas deal - Business,"State energy holding company Pertamina hopes that its recent deal with 
 Malaysia's state-owned oil giant Petronas will help its businesses expand 
 more ...",10 Mar 2019
"Hamilton ""building up"" towards ""dream"" MotoGP test","Embedded within the Petronas SRT team this weekend in Qatar, he was seen 
 sitting in on a post-qualifying debrief for its rider Franco Morbidelli. 
 “To meet Lewis ...",10 Mar 2019
"Petronas, UiTM ink LOI on renewable energy collaboration","KUALA LUMPUR (March 11): UiTM Energy & Facilities Sdn Bhd (UEFSB) has 
 signed a Letter of Intent (LOI) with Petroliam Nasional Bhd's (Petronas) 
 New Energy ...",11 Mar 2019
PETRONAS Primax 95 dengan Pro-Drive dapat sambutan dan reaksi positif,"JOHOR BAHRU: Petrol RON 95 formulasi terbaharu, dikenali sebagai PETRONAS 
 Primax 95 dengan Pro-Drive yang dilancarkan PETRONAS Dagangan Bhd (PDB), ...",11 Mar 2019
Australien-GP Melbourne: Die stärksten Erinnerungen,"Lewis Hamilton besuchte das Petronas Yamaha Sepang Racing Team in Katar. 
 Formel 1. Lewis Hamilton zu MotoGP-Test: «Das steht fest!».",11 Mar 2019
Petronas to start offering oil products from new refinery in April,"Petronas and Saudi Aramco jointly own the refining complex which has a 
 capacity of 300,000 barrels per day (bpd). Petronas' refining capacity will 
 reach 700,000 ...",12 Mar 2019
AD: To BMW and Mercedes-Benz owners - take part in ...,"A special call-out to owners of BMW and Mercedes-Benz vehicles. In 
 conjunction with the launch of the new Primax 95 with Pro-Drive, Petronas 
 is organising a ...",12 Mar 2019
PETRONAS mula keluarkan produk dari Pengerang bulan depan,"HOUSTON: PETRONAS dijangka menawarkan produk minyak dari kompleks penapisan 
 petrokimia baharunya di Pengerang, April ini apabila projek berkenaan 
 memulakan ...",12 Mar 2019
Petronas confirmó una inversión de US$ 2.300 millones en ...,"Anuar Taib, vicepresidente ejecutivo de Petronas, confirmó que avanzarán 
 con el desarrollo de shale oil en el área La Amarga Chica.",12 Mar 2019
Platform Installed at D28 Off Malaysia,"Collaborating with a local offshore facilities construction yard (licensed 
 by PETRONAS) and using a jack-up drilling rig for installation provided ...",12 Mar 2019
Petronas FLNG Relocates to Sabah,"Malaysian state-owned oil firm Petroliam Nasional Bhd (Petronas) said on 
 Wednesday it had relocated its floating liquefied natural gas facility to 
 the ...",13 Mar 2019
PETRONAS picks creative agency for BTL duties,"PETRONAS has reappointed McCann Worldgroup Malaysia to manage 
 below-the-line duties after a pitch held in October 2018, A+M understands.",13 Mar 2019
"Oil and gas reserves can last 10 years, Dewan Rakyat told","Petroliam Nasional Berhad (Petronas) has to carry on searching for new 
 reserves within and outside the country to ensure the sustainability of the 
 petroleum ...",13 Mar 2019
Promoted: Toto Wolff takes us inside Mercedes-AMG Petronas Motorsport HQ,"Executive Editor Stuart Codling chats to Mercedes-AMG Petronas Motorsport 
 Team Principal & CEO Toto Wolff, and Model Shop Supervisor Richard 
 Bruce, ...",14 Mar 2019
Loob Holding and PETRONAS tie-up for outlet expansion,"Loob Holding and PETRONAS Dagangan have tied up to open Tealive franchised 
 stores in its Kedai Mesra outlets throughout the country, targeting up to 
 300 ...",15 Mar 2019
Marriott International Extends Marketing Partnership With ...,"“Our marketing partnership with Mercedes-AMG Petronas Motorsport team will 
 give Marriott Bonvoy members, many of whom are fans of the team, the 
 opportunity to ...",15 Mar 2019
What O&G recovery? Subcontractors still not paid on time,"According to Petronas president and group chief executive Tan Sri Wan 
 Zulkiflee Wan Ariffin, the norm is for Petronas to pay the main contractors 
 as they ...",18 Mar 2019
Petronas inks agreement with Petrovietnam for additional gas,"KUALA LUMPUR: Petroliam Nasional Bhd (Petronas) has signed a binding Heads 
 of Agreement (HoA) with Vietnam Oil and Gas Group (PETROVIETNAM) for the 
 sales ...",20 Mar 2019
View Petronas financial performance in perspective,"DESPITE a volatile industry environment in 2018, Malaysia's only Fortune 
 500 company Petronas managed to post a set of impressive results, partly 
 due to its ...",20 Mar 2019
PETRONAS Yamaha SRT bukan 'penyelamat' Hafizh,"KUALA LUMPUR: Tiada tempat untuk Hafizh Syahrin Abdullah dalam pasukan 
 PETRONAS Yamaha Sepang Racing (PETRONAS Yamaha SRT) bagi tempoh dua tahun 
 ini.",20 Mar 2019
Sarawak CM asks Petronas to work with state govt in oil and gas industry,"KUCHING, March 21 — Chief Minister Datuk Patinggi Abang Johari Openg today 
 asked national oil company Petronas to collaborate with the Sarawak 
 government in ...",21 Mar 2019
PETRONAS anugerah dua blok luar pesisir,"KUALA LUMPUR: PETRONAS menganugerahkan Blok PM407 dan Blok PM415, kira-kira 
 60 kilometer di luar pesisir Semenanjung Malaysia, kepada PTT Exploration 
 and ...",21 Mar 2019
"Petronas, Petrovietnam meterai HoA jual beli gas tambahan","KUALA LUMPUR - Petroliam Nasional Bhd (Petronas) telah menandatangani 
 Perjanjian Induk (HoA) dengan Vietnam Oil and Gas Group (Petrovietnam) 
 membabitkan ...",21 Mar 2019
"Serba Dinamik raih kontrak perkhidmatan di darat RM313 juta daripada 
 PETRONAS","“Kami menghargai sokongan daripada PETRONAS dan keyakinan mereka ke atas 
 kami, yang terbukti dengan memberikan kontrak ini kepada syarikat,” 
 katanya. Kontrak ...",21 Mar 2019
Petronas awards two offshore blocks in Peninsular Malaysia,"PETALING JAYA: Petroliam Nasional Bhd (Petronas) has awarded Block PM407 
 and Block PM415 to PTT Exploration and Production Hong Kong Offshore 
 Limited (PTTEP ...",22 Mar 2019
Permulaan positif kem Honda Cub Prix Malaysia PETRONAS di Melaka,"Md Akid Aziz (KUL) PETRONAS Sprinta Yamaha Maju Motor 47.949s. 3. Zaqhwan 
 Zaidi (SGR) Idemitsu Honda Yuzy Racing 48.017. 4. Ahmad Afif Amran (TRG) 
 PETRONAS ...",23 Mar 2019
"SFC, Petronas deploying 600 artificial reef balls at Niah-Suai ...","MIRI: The Sarawak Forestry Corporation (SFC) in collaboration with Petronas 
 is deploying 600 artificial reef balls at the Niah-Suai waters in 
 Miri-Sibuti ...",25 Mar 2019
"Contribute more to education for Sabahans, Shafie tells ...","KOTA KINABALU: Sabah Chief Minister Shafie Apdal has urged Petronas to 
 focus more of its corporate social responsibility (CSR) programmes in the 
 state on ...",25 Mar 2019
Petronas awards 2 offshore blocks to firms,"Petroliam Nasional Bhd (Petronas) has awarded two offshore blocks, Block 
 PM407 and Block PM415, to PTT Exploration and Production Hong Kong Offshore 
 Ltd and ...",25 Mar 2019
LTdL proudly announce Petronas as title sponsor for the next three years,"LANGKAWI: Petroliam Nasional Berhad (Petronas) has officially joined the Le 
 Tour de Langkawi (LTdL) as the title sponsor for the next three years, ...",28 Mar 2019
Exclusive: EU risks 'trade war' with Malaysia over palm oil - Mahathir,"We have no plans to privatize or to sell Petronas,” he said. There is daily 
 speculation in Malaysia about when Mahathir, who is well into his nineties, 
 will ...",28 Mar 2019
Petronas terus perkasa elemen tadbir urus,"KUALA LUMPUR: PETRONAS terus meningkatkan aktiviti pendidikan dan 
 komunikasi bagi memperkasakan aspek integriti menerusi edisi terbaharu 
 Program Sokongan ...",29 Mar 2019
Márquez obtiene su quinta pole en Termas de Río Hondo,"La quinta ubicación fue para Miller con la Ducati del equipo Pramac, 
 seguido de las Yamaha Petronas SRT de Franco Morbidelli y Fabio Quartararo.",30 Mar 2019
PetChem executes first phase loan repayment,"KUALA LUMUR (April 2): Petronas Chemicals Group Bhd's (PetChem) 50%-owned 
 unit has executed the first phase of financing from various export credit 
 agencies ...",2 Apr 2019
Anak syarikat PetChem selesai fasa pertama pembiayaan,"KUALA LUMPUR: Anak syarikat 50 peratus Petronas Chemicals Group Bhd's 
 (PetChem), Pengerang Petrochemical Company Sdn Bhd (PPC) menyempurnakan 
 fasa pertama ...",2 Apr 2019
Malaysia's Petronas testing polymer units at Pengerang,"The facility, a joint venture between Petronas and Saudi Arabia's 
 state-owned Saudi Aramco, will be able to produce 900,000 t/yr of 
 polypropylene (PP) and ...",4 Apr 2019
"Najib: Kalau saya perompak, kenapa tunai Petronas RM174b?","PRK RANTAU | Bekas perdana menteri Najib Razak memaklumkan jumlah rizab 
 tunai Petronas yang ditinggalkan pentadbirannya bagi menjawab pihak yang 
 menuduhnya ...",4 Apr 2019
Icon Offshore dapat kontrak Petronas Carigali,"KUALA LUMPUR: Icon Offshore Group Sdn Bhd, anak syarikat milik penuh Icon 
 Offshore Bhd mendapat kontrak bernilai RM8 juta daripada Petronas Carigali 
 Sdn Bhd ...",5 Apr 2019
Icon Offshore bags RM8m contract from Petronas Carigali,"KUALA LUMPUR: Icon Offshore Bhd's wholly owned subsidiary Icon Offshore 
 Group Sdn Bhd (IOGSB) has secured an RM8 million contract from Petronas 
 Carigali Sdn ...",5 Apr 2019
"Icon unit wins PAC, Petronas Carigali jobs","As for the work order from Petronas Carigali, it would be to hire the 
 Tanjung Pinang 2 vessel for a tenure of 180 days, with an option to extend 
 for another ...",6 Apr 2019
Petronas well-positioned to provide clean energy,"KUALA LUMPUR: Petronas, with its growing portfolio of liquefied natural gas 
 (LNG) supply sources in Malaysia, Australia, Egypt and soon in Canada, ...",6 Apr 2019
"PROTON, Petronas Lubricants lanjutkan kerjasama","PLMM ialah anak syarikat Petronas Dagangan Bhd (PDB) dan Petronas 
 Lubricants International (PLI). Dalam kenyataan bersama, ia berkata 
 kerjasama itu dimeterai ...",9 Apr 2019
"MMHE, Hiap Seng dapat kontrak PETRONAS","""Kontrak itu meliputi kerja pemulihan loji bersepadu dan kerja 
 penyelenggaraan harian mengenai statik mekanikal untuk kilang PETRONAS.",10 Apr 2019
Fire at Petronas' RAPID oil refinery quickly tamed,"RAPID, or Refinery and Petrochemical Integrated Development, will anchor 
 the Pengerang Integrated Complex (PIC) and is Petronas' biggest domestic 
 investment, ...",11 April 2019
Two hurt in blast at Petronas oil and gas facility in Pengerang,"A blast occurred at Petronas' Refinery and Petrochemical Integrated 
 Development (Rapid) in Pengerang, Johor, early this morning, injuring two 
 Malaysians, ...",11 Apr 2019
Petronas sahkan Rapid Pengerang terbakar,"PETRONAS dalam satu kenyataan mengesahkan letupan dan kebakaran di Kompleks 
 Bersepadu Penapisan Minyak dan Petrokimia (RAPID) Pengerang kira-kira jam 
 1.25 pagi ...",11 Apr 2019
Explosion at Petronas oil and gas complex in Johor injures ...,"Petronas said the incident occurred at 1.25am at the Pengerang Integrated 
 Complex. It said its emergency and fire response team was deployed and the 
 fire ...",12 Apr 2019
Daim: ECRL savings enough to build Petronas Twin Towers ...,"5 billion savings from the reduced cost of the East Coast Rail Link (ECRL) 
 project is enough to build two more Petronas Twin Towers, said former 
 finance ...",12 Apr 2019
Proton extends partnership with Petronas by 10 years ...,"The range consists of three lubricants, the fully-synthetic Petronas 
 Syntium 3000 SE 5W-30, the semi-synthetic Petronas Syntium 800 SE 10W-30 
 and the Petronas ...",12 Apr 2019
"Possible delay in start of olefins, MEG, polymers production ...","Singapore — The fire at Malaysian Petronas' Refinery and Petrochemical 
 Integrated Development, or PRefChem, at the Pengerang Integrated Complex in 
 Johor ...",12 Apr 2019
Explosion at Petronas oil refinery in Johor injures two,"Petronas said the incident occurred at 1.25am at the Pengerang Integrated 
 Complex. It said its emergency and fire response team was deployed and the 
 fire ...",13 Apr 2019
Petronas acquires Singapore-based solar power company Amplus Energy,"“This acquisition reflects Petronas' strategic intent to grow in the 
 renewable energy space as part of our strategy to step out beyond oil and 
 gas into the new ...",14 Apr 2019
Blast at Rapid complex may dent Petronas Chemicals' earnings,"... in Pengerang is expected to be launched, which could delay the 
 commencement of petrochemical production for Petronas Chemicals Group Bhd's 
 (PetChem).",14 Apr 2019
Azroy Hakeem raih kemenangan kedua Cub Prix Malaysia PETRONAS,"Juara bertahan, Ahmad Afif Amran (PETRONAS Sprinta Yamaha – CKJ Racing) 
 yang mengekori di belakang mengekori di belakang namun Azroy bijak menutup 
 ruang ...",14 Apr 2019
"84 police reports following Pengerang explosion, fire","JOHOR BARU: Police have so far received 84 reports from the local residents 
 in connection with the massive explosion and fire at the Petronas Refinery 
 and ...",14 Apr 2019
Petronas acquires Singapore's Amplus in 1st international ...,"KUALA LUMPUR (April 15): Petroliam Nasional Bhd (Petronas) announced today 
 that it is acquiring 100% interest in Singapore-based Amplus Energy 
 Solutions Pte ...",15 Apr 2019
Petronas take first steps in renewable energy market,"Petronas has announced that it has signed an agreement with I Squared 
 Capital to buy renewable energy company Amplus Energy Solutions.",15 Apr 2019
Petronas entities not impacted by Pengerang fire incident,"PETALING JAYA: Petronas Dagangan Bhd, Petronas Gas Bhd and Petronas 
 Chemicals Group Bhd (PetChem) have clarified that the fire at the Pengerang 
 Integrated ...",15 Apr 2019
Tealive pandu lalu di Petronas,"JENAMA minuman teh gaya hidup, Tealive mengukuhkan kedudukan perniagaan 
 melalui pembukaan cawangan pandu lalu pertamanya di Stesen Petronas USJ 9 
 di Subang ...",16 Apr 2019
SOFEC replaces mooring system for Petronas FLNG vessel,"ThePFLNG Satu has an external turret moored system that was designed to be 
 moored in water depths ranging from 70 to 200 m (230 to 656 ft). Last 
 month, Petronas ...",17 Apr 2019
PetDagang partners TM One for digital upgrade at Petronas ...,"KUALA LUMPUR (April 19): Petronas Dagangan Bhd (PetDagang) said it is 
 collaborating with Telekom Malaysia Bhd (TM) to upgrade over 1,000 Petronas 
 stations ...",19 Apr 2019
Rangkaian digital lebih baik di stesen Petronas,"DATO' Sri Syed Zainal Abidin bersama Ir. Ts Azizi A Hadi pada majlis 
 menukar dokumen kerjasama. PETRONAS Dagangan Berhad (PDB) bekerjasama 
 dengan Telekom ...",21 Apr 2019
Petronas AutoExpert vehicle servicing makes global debut in ...,"Petronas Lubricants today launched the first Petronas AutoExpert service 
 centre in Malaysia. The outlet in the country is operated by Autohaus KL in 
 Shah ...",22 Apr 2019
Johor Port to provide marine services at Petronas LNG's ...,"KUALA LUMPUR (April 22): Johor Port Bhd, a member of MMC Corp Bhd, has 
 inked an agreement with Petronas LNG Ltd (PLL) to provide marine services 
 at ...",22 Apr 2019
Petronas Lubricants perkenal pusat servis AutoExpert,"Naib Presiden Pemasaran, Perniagaan Hiliran Petronas, Datuk Seri Syed 
 Zainal Abidin Syed Mohamed Tahir berkata, ini adalah salah satu perancangan 
 utama PLI ...",22 Apr 2019
"Johor Port, Petronas LNG sediakan khidmat marin","KUALA LUMPUR: Johor Port Bhd memeterai perjanjian dengan Petronas LNG Ltd 
 (PLL), sebuah anak syarikat PETRONAS bagi menyediakan perkhidmatan marin 
 termasuk ...",22 Apr 2019
Drones keep an eye on progress at Petronas' $27bn Rapid ...,"One particular project that Aerodyne is working on is Petronas' refinery 
 and petrochemical integrated development (Rapid), the largest refinery 
 and ...",23 Apr 2019
Velesto Energy's earnings still volatile despite new Petronas ...,"Velesto Energy's earnings still volatile despite new Petronas contracts'. 
 0. By Ronnie Teo on April 24, 2019, Wednesday at 12:06 AM ...",24 Apr 2019
Petronas offers gassing up and cooling down services at ...,"KUALA LUMPUR (April 25): Petronas is now offering commercial Gassing Up and 
 Cooling Down (GUCD) services at the Liquefied Natural Gas Regasification ...",25 Apr 2019
Petronas backs Wildcard Supercars entry,"“Petronas obviously have a great passion for motorsport as shown by their 
 involvement with Mercedes in Formula 1,"" said Blanchard.",25 Apr 2019
Stesen minyak Petronas mula tawar biodiesel B10,"KUALA LUMPUR: Proses menaik taraf penawaran biodiesel kepada B10 daripada 
 campuran B7 di stesen minyak kendalian Petronas Dagangan Bhd (PDB) berjalan 
 lancar ...",25 Apr 2019
"Sepang Racing: 12,4 Tonnen Material auf Weltreise","Das Petronas Sepang Racing Team ist der erste Rennstall aus Malaysia, der 
 es bin in die «premier class» geschafft hat. Neben Franco Morbidelli und ...",25 Apr 2019
Malaysia's Petronas buys 50% equity in Brazil deepwater ...,"Singapore — Malaysia's Petronas said Friday it bought a 50% equity stake in 
 deepwater concessions in the Campos Basin in offshore Brazil from 
 Petroleo ...",26 Apr 2019
NSTP menang enam kategori Hadiah Kewartawanan Malaysia MPI-Petronas 2018,"KUALA LUMPUR: Kumpulan The New Straits Times Press (M) Berhad (NSTP) 
 mengungguli Hadiah Kewartawanan Malaysia MPI-Petronas 2018 malam ini 
 apabila memenangi ...",26 Apr 2019
Petronas acquires 50% stake in Tartaruga Verde field from ...,"Malaysian oil and gas major Petronas has entered into a sale and purchase 
 agreement with Brazilian state run energy group Petrobras for a 50 percent 
 equity ...",26 Apr 2019
Tan calls off EGM as Seacera withdraws injunction,"NEWS: Petronas CEO: 'Exploration is not dead'. 27 Aug | 08:16pm. News, 
 Featured · NEWS: Oil seen hovering at US$55-US$60 per barrel. 27 Aug | 
 12:40pm.",26 Apr 2019
Petronas gas extends power supply to PAP for another 22 years,"KUALA LUMPUR: Petronas Gas Bhd (Petronas Gas) recently entered into two 
 separate sales and purchase agreements with Polyplastics Asia Pacific Sdn 
 Bhd (PAP), ...",29 Apr 2019
Malaysia's oil giant looks to Americas to increase oil reserves,"Petroliam Nasional Bhd., known as Petronas, will allocate a larger share of 
 its future capital expenditure toward projects stretching from Canada to 
 Brazil ...",29 Apr 2019
PETRONAS alih tumpuan ke benua Amerika,"KUALA LUMPUR: PETRONAS bergantung kepada rantau Amerika untuk membantu 
 meningkatkan rizab dan mengekalkan kadar pengeluarannya, ketika pengeluaran 
 minyak di ...",29 Apr 2019
Petronas Chemicals catat keuntungan RM5.1 bilion bagi tahun 2018,"Petronas Chemicals Group Berhad (PCG) mencatat keuntungan sebelum cukai 
 (PAT) sebanyak RM5.1 bilion untuk tahun 2018. Ibrahim Sani. Mon Apr 29 2019.",29 Apr 2019
Bank Islam biaya projek teknologi hijau,"Cabaran Teknologi PETRONAS adalah inisiatif sumber awam teknologi yang 
 bertujuan mencari penyelesaian inovatif untuk mengatasi masalah operasi 
 PETRONAS. TiME ...",30 Apr 2019
Jerez: Albert Arenas (KTM) nach Milzriss wieder fit,"... Tatbestände zur Anzeige zu bringen und Schadenersatzansprüche geltend 
 zu machen. Videos. Moto3. Moto3 2021 Red Bull Ring - Petronas SRT 
 Highlights ...",30 Apr 2019
"Petronas Gas opens up gas transportation, regasification biz ...","Petronas Executive Vice President and Chief Executive Officer of Upstream 
 Datuk Anuar Taib (pic) said the market liberalisation, which was 
 implemented since ...",1 May 2019
Petronas completes 2nd LNG break bulking STS transfer,"KUALA LUMPUR: Petroliam Nasional Bhd (Petronas), through its subsidiary 
 Petronas LNG Ltd (PLL), has strengthened its position as a liquefied 
 natural gas ...",3 May 2019
PETRONAS Yamaha SRT sambar petak 1-2 di Jerez,"KUALA LUMPUR: Pelumba PETRONAS Yamaha Sepang Racing (PETRONAS Yamaha SRT), 
 Fabio Quartararo mencipta sejarah tersendiri di Grand Prix (GP) Sepanyol 
 dengan ...",4 May 2019
Petronas Yamaha: We’re in a dream situation,"After a stunning 1-2 for his riders in MotoGP qualifying, Crash.net catches 
 up with Petronas Yamaha Team Principle Johan Stigefelt to talk about a 
 memorable ...",4 May 2019
Ahmad Afif juara CP150 di Tangkak,"TANGKAK: Pelumba pasukan Petronas Sprinta Yamaha-CKJ Racing, Ahmad Afif 
 Amran meraih kemenangan pertama musim 2019 apabila menjuarai pusingan tiga 
 kelas ...",4 May 2019
Quartararo stuns for historic pole in Petronas Yamaha 1-2!,"Fabio Quartararo bolts to a maiden MotoGP pole position as Petronas Yamaha 
 seals a historic 1-2 in qualifying with Franco Morbidelli lining up second 
 ahead ...",4 May 2019
Naib Presiden Argentina lawat Menara Berkembar Petronas,"... dalam rangka lawatan rasmi lima ke Malaysia, hari ini dibawa melawat 
 bangunan ikonik Menara Berkembar Petronas yang tersergam indah di tengah 
 bandaraya.",4 May 2019
Dominique Aegerter eroberte drei Punkte für MV Agusta,"Petronas SRT. 10.7K subscribers. 2021 Styrian GP Highlights: Moto2. Info. 
 Shopping. Tap to unmute. More videos. More videos. Your browser can't play 
 this ...",5 May 2019
Bank Rakyat sedia RM200 juta untuk vendor PETRONAS,"Abdul Razak memeterai MoU bagi pihak Bank Rakyat manakala PETRONAS diwakili 
 Naib Presiden Perolehan Kumpulan PETRONAS, Samsudin Miskon. Ia disaksikan 
 Menteri ...",6 May 2019
Petronas Suriname E&P BV (Petronas Suriname),"Get all the information about Petronas Suriname E&P B.V. (Petronas 
 Suriname), a company operating mainly in the Oil & Gas sector.",6 May 2019
Fabio Quartararo (Yamaha/1.): Heim-GP kann kommen,"Ich komme voller Selbstvertrauen nach Le Mans.» Die Fans beim Heim-GP 
 werden eine Extra-Motivation sein, ist sich der Petronas-Yamaha-Pilot 
 sicher. «Wir wissen ...",6 May 2019
PETRONAS completes LNG break bulking STS transfer,"Petroliam Nasional Bhd (PETRONAS) has, through its subsidiary PETRONAS LNG 
 Ltd (PLL), completed another successful LNG break bulking ship-to-ship 
 (STS) ...",7 May 2019
Kemunculan pertama Passini bersama PETRONAS Sprinta Racing,"KUALA LUMPUR: Pengganti sementara Khairul Idham Pawi, Mattia Pasini 
 menganggap PETRONAS Sprinta Racing sebagai 'keluarga' selepas membuat 
 kemunculan pertama ...",8 May 2019
Saluran paip Petronas Sabah Sarawak Gas terbakar pada awal pagi,"Bahagian Komunikasi Strategik Penglibatan Media Kumpulan Petronas berkata 
 pasukan respons kecemasan telah digerakkan untuk mengawal kebakaran 
 tersebut yang ...",8 May 2019
"Smart Stream, PETRONAS jalin kerjasama strategik","Inisiatif ini dilaksanakan syarikat pembekal minyak dan diesel, Smart 
 Stream Resources Sdn Bhd (Smart Stream) yang turut menjalinkan kerjasama 
 dengan PETRONAS.",13 May 2019
330 murid ceria dapat bantuan Aidilfitri Yayasan PETRONAS,"Pengurus Besar PETRONAS Pantai Timur, Datuk Wan Mohd Hasnan Abdullah, 
 berkata setiap murid yang terpilih diperuntukkan sebanyak RM400 seorang, ...",13 May 2019
Bos Petronas Yamaha SRT Mengungkap Resep Performa Impresif Quartararo,"Bola.com, Le Mans - Manajer Petronas Yamaha SRT, Wilco Zeelenberg, mengaku 
 bangga timnya punya insting brilian sehingga memutuskan menggaet Fabio 
 Quartararo ...",14 May 2019
Petronas Chemicals buys Da Vinci for RM760.6m to venture ...,"Petronas Chemicals Group Bhd made its foray into specialty chemicals via 
 inorganic growth with the purchase of Da Vinci Group B.V.. KUALA LUMPUR: 
 Petronas ...",16 May 2019
Petronas Chemical buys Da Vinci Group for RM760m,"Petronas Chemicals Group Bhd (PetChem) is making its foray into specialty 
 chemicals with the purchase of Da Vinci Group BV. Follow us on Instagram 
 and subscribe ...",17 May 2019
"Petronas releases Kaamatan, Gawai TV commercials, webfilms","KUALA LUMPUR: Petronas has released its much-awaited Kaamatan and Gawai 
 webfilms and television commercials to celebrate the upcoming festivities 
 in Sabah ...",18 May 2019
161 pelajar kurang berkemampuan terima sumbangan Yayasan PETRONAS,"KUANTAN: Seramai 161 pelajar terharu dan teruja apabila diberi peluang 
 memilih pakaian raya pada program Sentuhan Kasih Ramadan Yayasan PETRONAS 
 2019 di ...",18 May 2019
Direct entry by Petronas Chemicals into silicone business,"PETALING JAYA: Petronas Chemicals Group Bhd 's (PetChem) acquisition of 
 Dutch firm Da Vinci Group BV gives it immediate entry into the growing 
 silicone ...",20 May 2019
Kelantan tarik balik saman terhadap PETRONAS melalui notis 13 Mei,"KUALA LUMPUR: Kerajaan Kelantan menarik balik saman terhadap Petroliam 
 Nasional Berhad (PETRONAS) berhubung tuntutan royalti minyak, ...",20 May 2019
"Sarawak-made, Petronas-funded web film for Gawai, pulls in 700,000 viewers","The Petronas web film by Petronas and featuring a local cast and crew was 
 made in conjunction with this year's Gawai Dayak celebration, which falls 
 on June ...",20 May 2019
PFLNG Satu PETRONAS sumbang LNG pertama,"KUALA LUMPUR: PETRONAS menerima hantaran pertama gas asli cecair (LNG) dari 
 kemudahan LNG terapung, PETRONAS Floating LNG Satu (PFLNG Satu), ...",20 May 2019
Petronas lancar filem web 'Baju Burong Apai' sempena Gawai Dayak,"Petronas lancar filem web 'Baju Burong Apai' sempena Gawai Dayak. Mei 20, 
 2019 @ 7:32am.",20 May 2019
Petronas’ subsidiary Amplus Solar to invest Rs 750 crore in Haryana,"Petronas' subsidiary Amplus Solar to invest Rs 750 crore in Haryana. It 
 will set up two solar projects with a total capacity of 150 MW.",20 May 2019
Malaysia's Petronas achieves first LNG production at floating facility,"Petronas, or Petroliam Nasional Bhd as it is formally known, said 
 production was attained three days after the Petronas FLNG (PFLNG) Satu 
 facility achieved ...",21 May 2019
Kelantan govt withdraws suit against Petronas but maintains ...,"Lawyer Aleeya Elyana Ahmad Mahreez, who is acting for the Kelantan 
 government, said her firm had filed a notice of discontinuance on Petronas 
 last May 13.",21 May 2019
Petronas starts up FLNG vessel offshore Sabah,"KUALA LUMPUR, Malaysia – The PFLNG Satu, Petronas' first floating LNG 
 facility, has produced first LNG at the Kebabangan cluster field, ...",22 May 2019
Petronas committed to further LNG export development in ...,"Vancouver — Malaysia's Petronas is focused on Canada over the US in its LNG 
 export growth goals as it seeks outlets for the significant natural gas ...",22 May 2019
Petronas launches Aidilfitri webfilm ‘Rendang Soraya’,"KUALA LUMPUR, May 24 — In conjunction with the coming Aidilfitri 
 celebration, Petroliam Nasional Berhad (Petronas) launched its latest 
 webfilm and tv ...",24 May 2019
Rendang Soraya' filem sesawang Petronas sempena Aidilfitri,"KUALA LUMPUR - Bersempena sambutan Aidilfitri, Petroliam Nasional Bhd 
 (Petronas) hari ini melancarkan filem sesawang dan iklan televisyen 
 terkininya di ...",25 May 2019
Video: Velesto Naga 2 rig being mobilised for Petronas contract,"The rig is one four rigs owned by Velesto (formerly UMW Oil & Gas) that 
 were contracted by Petronas Carigali for one-year with a combined contract 
 value of ...",27 May 2019
"Petronas Canada donates $25,000 to Fort St. John Hospital Foundation","Twenty-five years, twenty-five thousand dollars — Petronas Canada is 
 celebrating the silver jubilee of the Fort St. John Hospital Foundation.",28 May 2019
Petronas Chemicals Group Bhd Acquiring BRB,"Petronas Chemicals Group Berhad (PCG) on May 16 entered into a Sale and 
 Purchase Agreement to acquire 100 percent of Da Vinci Group BV, a holding 
 company of ...",29 May 2019
Malaysia's Petronas signs deal to lease LNG storage unit to Vitol -sources,"Under the agreement, Petronas will rent one of its two 200,000 cubic metre 
 LNG storage units at Pengerang in southern Malaysia to Vitol, the sources 
 said, ...",29 May 2019
Petronas perluas sumbangan ke 13 negeri,"Pengurus Besar Petronas Pantai Timur, Datuk Wan Mohd Hasnan Abdullah 
 berkata, peruntukan itu disalurkan kepada seramai 2,800 buah keluarga 
 kurang bernasib baik ...",29 May 2019
Petronas signs deal to lease LNG storage unit to Vitol,"Under the agreement, Petronas will rent one of its two 200,000-cubic-metre 
 LNG storage units at Pengerang in southern Malaysia to Vitol, the sources 
 said, ...",29 May 2019
Petronas Primax 95 with Pro-Drive - Mercedes-Benz and ...,"To validate these claims, we at paultan.org, together with Petronas, 
 invited owners of Mercedes-Benz and BMW vehicles to try out Petronas Primax 
 95 with Pro- ...",29 May 2019
Malaysia's Petronas is Looking Near and Far for Gas and Oil,"Petronas' LNG facilities include its 30-million tonnes/annum (mtpa) complex 
 in Sarawak, and the world's first floating LNG facility, the 1.2-mtpa PFLNG 
 Satu. A ...",31 May 2019
PETRONAS catat untung RM14.2b suku pertama,"KUALA LUMPUR: PETRONAS meraih untung bersih RM14.2 bilion pada suku pertama 
 berakhir 31 Mac 2019, melonjak 9.0 peratus berbanding tempoh sama tahun ...",31 May 2019
"MotoGP, Morbidelli: “I can be proud of a time that Rossi's never set","Franco Morbidelli continues his excellent trend when it comes to qualifying 
 this season: having closed second at Jerez and sixth at Le Mans, the 
 Petronas ...",1 Jun 2019
Petronas video clip on the Kaamatan,"PENAMPANG: Petronas showcased its warmly received Kaamatan webfilm titled 
 “Kinoulian (Homecoming, in Dusun language)” at the Sodop Unduk Ngadau 
 (Gala ...",2 Jun 2019
Next Maybank Debit Card lets you refuel at Petronas without ...,"It's an eWallet which allows you to pay for fuel at Petronas using your 
 smartphone. You can top up using a debit or credit card or via online 
 banking. For card ...",3 Jun 2019
PetGas inks agreement with PChem units to supply nitrogen ...,"KUALA LUMPUR (June 3): Petronas Gas Bhd (PetGas) announced it signed heads 
 of agreements (HoA) with Petronas Chemicals Group Bhd's subsidiaries in 
 relation ...",3 Jun 2019
Petronas set to supply Thailand's power utility its first LNG ...,"Petronas and Egat are still negotiating the terms of the contract, and Egat 
 is negotiating how much it will pay Thailand's PTT, an Egat spokesman said. 
 Egat ...",6 Jun 2019
All out to protect the exotic animals,"DRUM roll please – Hisham Albakri has not one, not two, but four children 
 who have studied in UTP (Universiti Teknologi PETRONAS).",9 Jun 2019
Petronas introduces mobile refuelling service that delivers fuel ...,"Petronas has introduced Rovr and it's Malaysia's first mobile refuelling 
 service. Essentially, it is like a petrol station on wheels and it provides 
 greater ...",14 Jun 2019
Petronas Dagangan to expand mobile refuelling service after ...,"ROVR provides scheduled deliveries of Petronas Dynamic Diesel to B2B 
 customers, providing a hassle-free experience in the logistical management 
 of the fleet ...",14 Jun 2019
PETRONAS perkenal khidmat isi minyak bergerak,"KUALA LUMPUR: PETRONAS melalui anak syarikatnya, Petronas Dagangan Bhd 
 (PDB) menawarkan perkhidmatan mengisi minyak bergerak yang pertama di 
 Malaysia ...",14 Jun 2019
ROVR' - Malaysia's first mobile refuelling service by Petronas,"PETRONAS now has the “ROVR”, the first mobile refuelling service in the ... 
 beyond conventional petrol stations,” says Petronas Dagangan Berhad (PDB).",16 Jun 2019
"Berjaya Sports Toto doubles 4Q net profit, declares 4.5 sen ...","NEWS: Petronas CEO: 'Exploration is not dead'. 27 Aug | 08:16pm. News, 
 Featured · NEWS: Oil seen hovering at US$55-US$60 per barrel. 27 Aug | 
 12:40pm.",18 Jun 2019
"Moody's downgrades Petronas, outlook stable","Moody's also changed the national oil company's ratings outlook to stable 
 from negative. The firm said Petronas' link to the government had created 
 potential ...",21 Jun 2019
Jorge Lorenzo über den Motorradtausch bei Honda,"Fabio Quartararo auf seiner Petronas-Yamaha. MotoGP. Rookie Fabio 
 Quartararo: Keine Tricks mit der Bremse. Stefan Bradl beim 8h-Test im Juni 
 auf der Honda ...",21 Jun 2019
Penurunan penarafan tidak jejas PETRONAS - PM,"KUALA LUMPUR: Kerajaan yakin tindakan Moody's menurunkan penarafan 
 Petroliam Nasional Bhd (PETRONAS) dari A1 ke A2 tidak akan menjejaskan 
 perkembangan ...",23 Jun 2019
Biodiversity conservation counts,"The famous Big Belian tree at Imbak Canyon has provided food and shelter to 
 animals for thousands of years. TO mark World Environment Day, Yayasan 
 PETRONAS ...",23 Jun 2019
"Malaysia's Petronas Chemicals budgets $6 billion for specialty portfolio 
 deals","RAPID, which is part of Petronas' $27 billion Pengerang Integrated Complex, 
 will contain a 300,000 barrels-per-day oil refinery and a petrochemical 
 complex with ...",24 Jun 2019
White paper on Malaysia's energy future aimed at achieving ...,"KUALA LUMPUR: Petroliam Nasional Bhd (Petronas) is spearheading an 
 industry-wide study with various agencies to develop an Oil, Gas, Energy 
 and Environment ...",24 Jun 2019
Handal JV bags RM360m seven-year contract from Petronas ...,"KUALA LUMPUR (June 24): Handal Resources Bhd's joint venture (JV) has 
 bagged seven-year contract worth RM360 million from Petronas Carigali Sdn 
 Bhd.",24 Jun 2019
PETRONAS muncul antara pembekal LNG terbesar,"KUALA LUMPUR: PETRONAS kini menjadi antara pembekal gas asli cecair (LNG) 
 terbesar kepada beberapa negara ekonomi utama dunia apabila mengukuhkan 
 penguasaan ...",24 Jun 2019
Petronas Chemicals and Scomi to jointly develop and market ...,"KUALA LUMPUR (June 25): Petronas Chemicals Marketing (Labuan) Ltd (PCML), a 
 wholly-owned subsidiary of Petronas Chemicals Group Bhd (PCG), and Scomi ...",25 Jun 2019
"Petronas, Scomi berganding dalam usaha pemasaran kimia","Syarikat petroleum nasional (Petronas) dan Scomi hari ini menandatangani 
 dua perjanjian untuk kerjasama dalam penyelidikan, pembangunan dan 
 pemasaran ...",25 Jun 2019
Petronas Chemicals to collaborate on circular economy for ...,"KUALA LUMPUR: Petronas Chemicals Group Bhd (PCG) is partnering chemical 
 recycling firm Plastic Energy Ltd to address the issue of plastic waste in 
 Malaysia ...",26 Jun 2019
Petronas' RAPID refinery to reach commercial operations by ...,"The RAPID refinery in Johor is one of the biggest projects that Petronas 
 has ever undertaken, with a refining capacity of 300,000 b/d and 3.3 
 million tons ...",26 Jun 2019
Petronas: Demo by workers union over deadlocked CA talks ...,"BINTULU: Petronas yesterday expressed regret over the decision by the 
 Sarawak members of its employees union, to stage a peaceful protest here on 
 Monday ...",26 Jun 2019
Petronas' one-size-fits-all offer 'insulting' — Sarawak union,"KUALA LUMPUR: The Petronas Workers' Union in Sarawak (Kapenas Sarawak) said 
 it is “patronising, insulting and arrogant” for the Malaysian national 
 oil ...",26 Jun 2019
Malaysia moves closer towards natural gas market liberalisation,"Petroliam Nasional Bhd (Petronas) executive vice president & CEO, gas and 
 new energy Adif Zulkifli said Malaysia is just one price review away to 
 achieve ...",26 Jun 2019
THE Young University Rankings 2019: adjust your picture,"Universiti Teknologi Petronas. 101–150. Universiti Tunku Abdul Rahman 
 (UTAR). 101–150. Portugal. 8. University of Aveiro. 101–150. NOVA 
 University of Lisbon.",26 Jun 2019
"Petronas-Saudi joint venture to restart crude unit at Malaysia refinery in 
 July: sources","SINGAPORE/KUALA LUMPUR (Reuters) - Pengerang Refining and Petrochemical 
 (PrefChem), a joint venture between Petronas and Saudi Aramco, is expected 
 to ...",27 Jun 2019
PETRONAS Deal for Plastic Energy's Chemical Recycling ...,"PETRONAS Chemicals Group has signed a MoU with PLASTIC ENERGY, a UK based 
 chemical recycling company, to collaborate in addressing plastic waste that 
 cannot ...",27 Jun 2019
Malaysia closer to opening up natural gas market,"With the reorganisation, Petronas Gas has now been placed under the purview 
 of Adif Zulkifli(pic) as the EVP and CEO of the gas and new energy 
 business ...",27 Jun 2019
СЮЖЕТ: Suzuka 8 Hours 2019,"Sky заявил о контракте Petronas Yamaha SRT с Андреа Довициозо до конца 
 сезона MotoGP 2021 читать · MotoGP: Всеми любимый Silverstone - чего ждать 
 от ...",27 Jun 2019
NST Leader: Trouble at the top,"Yesterday, Petronas Gas Bhd announced the appointment of Adif Zulkifli as 
 its chairman effective Monday replacing Datuk Mohd Anuar Taib.",28 Jun 2019
Sunway Construction bags RM496m contracts,"It said on Friday it accepted a letter of award issued by Petronas 
 Management Training Sdn Bhd to build a Petronas Leadership Centre in Bangi, 
 Selangor for ...",28 Jun 2019
"M'sia moves closer to opening up natural gas market, says ...","Petroliam Nasional Bhd (Petronas) executive vice-president and CEO for gas 
 and new energy Adif Zulkifli said Malaysia was just one price review away 
 from ...",28 Jun 2019
Tom Lüthi (6.) hat ein Problem: «Zu sehr am Limit»,"Petronas SRT. 10.9K subscribers. 2021 Styrian GP Highlights: Moto2. Info. 
 Shopping. Tap to unmute. More videos. More videos. Your browser can't play 
 this ...",28 Jun 2019
Lending a hand to brilliant minds,"KUALA TERENGGANU: Ex-Petronas scholar and Terengganu native Datuk Raiha 
 Azni Abd Rahman shared a joyful and nostalgic moment with the Petronas 
 Education ...",30 Jun 2019
Assen-GP: Sieg für Arbolino (Honda) – KTM auf Rang 3,"Sasaki (P23) aus dem Petronas-Team fängt einen wilden Slide neben Can Öncü 
 erfolgreich ab. 9. Runde: Fenati 0,058 sec vorn. 10. Runde: Toba erobert 
 wieder Platz ...",30 Jun 2019