Title,Content,Time
China's Huawei excluded from Czech tax tender after security warning,"PRAGUE (Reuters) - China's Huawei has been excluded from a Czech tender to 
build a tax portal after the country's cyber watchdog warned of possible 
security ...",30 Jan 2019
Open tender the way to go,"MALAYSIAN Malay Contractors Association president Datuk Mokhtar Samad said 
its members welcomed the government's commitment and support for open 
tenders.",8 Aug 2019
RPT-UPDATE 1-Pakistan LNG cancels huge 10-year LNG tender -sources,"SINGAPORE, Oct 15 (Reuters) - State-owned Pakistan LNG has cancelled a 
tender to buy liquefied natural gas over a 10-year period and may turn to 
the spot market ...",15 Oct 2019
UPDATE 1-Four companies vie for Pakistan LNG's multi-year import tender,"LONDON/SINGAPORE, July 19 (Reuters) - Four companies have submitted offers 
into a 10-year import tender for deliveries of liquefied natural gas (LNG) 
to ...",18 Jul 2019
Malaysia launches 500 MW solar tender – pv magazine ...,"The tender for the project – Projek Loji Jana Kuasa Solar Berskala Besar 
Pusingan Ketiga, or Large Scale Solar (LSS) 3 – is the third round of the 
country's ...",18 Feb 2019
Second T-levels tender for awarding bodies launched,"The tender process for the second wave of T-levels has been launched by the 
Institute for Apprenticeships and Technical Education.",18 Mar 2019
Sanctions-hit Rosneft requests payment in euros in naphtha tender,"MOSCOW (Reuters) - Russian state oil company Rosneft has for the first time 
asked buyers to use the euro as the default currency in a spot tender to 
sell ...",14 Aug 2019
SoftBank to go ahead with WeWork stock tender offer this week,"T will this week launch a previously agreed tender offer for as much as $3 
billion of WeWork shares, including up to $970 million owned by the office 
sharing ...",24 Nov 2019
Yahoo Japan Plans Tender Offer for Retailer Zozo at $3.7B,"announced on Thursday a tender offer worth an estimated 400 billion yen 
($3.7 billion) for Zozo Inc., a Japanese online retailer started by a 
celebrity tycoon.",12 Sep 2019
Tender process opens for media rights to rounds 2 and 3 of ...,"FIFA has opened an invitation to tender (“ITT”) for the centralised media 
rights to all matches in the second round of qualifying, as well as the ...",18 Nov 2019
Teva Announces Early Tender Results of its Debt Tender Offer ...,"(NYSE and TASE: TEVA) (“Teva”) announced today the early tender results in 
connection with its previously announced tender offers (the “Offers”) to 
purchase for ...",25 Nov 2019
YTL Communications claims Education Ministry went back on ...,"“The ministry had excluded YTL communications, reneged on its statement to 
call an open tender and agreed to pay for the internet services to the 
three ...",3 Jul 2019
Sunseap wins tender to install over 170000 solar panels on ...,"This is the second SolarNova tender won by the homegrown solar energy 
provider, the first being in 2015. The latest project's solar photovoltaic 
(PV) capacity ...",2 Oct 2019
Owens Corning Announces Commencement of Cash Tender ...,"(1) Per $1,000 principal amount of Notes validly tendered and accepted for 
purchase (the “Early Tender Premium”). The Tender Offers will expire at 
12:00 ...",29 Jul 2019
"Israel holds 5G mobile network tender, aims for 2020 launch","JERUSALEM (Reuters) - Israel launched a tender for fifth-generation (5G) 
cellular frequencies on Sunday, hoping discounts to cash-strapped mobile 
phone ...",14 Jul 2019
Gov't to conduct open tender for submarine maintenance ...,"Putrajaya will be conducting an open tender for the maintenance contract of 
the navy's two Scorpene submarines in 2021, said Defence Minister Mohamad 
Sabu.",14 Dec 2019
Tunisia boosts renewables with 'game-changing' solar tender,"LISBON (Reuters) - Tunisia is set to select the winners of its 
“game-changing” 500 megawatt (MW) solar energy concessions tender by 
September as it seeks to ...",12 Jun 2019
Renewables shock as Mexico scraps clean energy tender ...,"Mexico cancelled its latest clean energy tender in a surprise move that one 
leading business group warned could damage investor confidence in the 
country's ...",21 Nov 2019
Nothin' suss: Defence denies 'nepotism' accusation in limited ...,"The Department of Defence says there was nothing wrong with a procurement 
official's decision to bypass a competitive tender process and award a 
contract to ...",23 Oct 2019
"MLB rumors: Red Sox keep Jackie Bradley Jr. at non-tender deadline; Marlins 
acquire Jonathan Villar","Monday is an important day in the Major League Baseball offseason. The 
deadline to tender a contract to non-salaried players under team control 
came at 8 ...",2 Dec 2019
Is ‘open Request for Proposal’ an open tender? — Joshua Woo,"This tendering method was first employed by the Penang state government in 
2010 to develop landmark and restore heritage sites. Goh Ban Lee, a former 
associate ...",28 Feb 2019
More than £1.5bn of outdated £5 and £10 notes not returned,"More than £1.5bn in old fivers and tenners has still not been cashed in 
more than a year after the last of them ceased to be legal tender. · The 
Bank of England ...",27 Aug 2019
Masdar wins solar tender in Uzbekistan with bid of USD 26.79 ...,"October 7 (Renewables Now) - Uzbekistan's energy ministry announced on 
Friday that Masdar Clean Energy of the UAE has won a tender for the 
construction of a ...",7 Oct 2019
Algeria launches tender for milling wheat | 2019-10-21,"21. The traders told Reuters that the tender sought at least 50,000 tonnes 
but the country often buys more in its tenders than the nominal volume 
sought.",21 Oct 2019
All projects over RM1m should go through open tender,"So I asked the official to disclose what is the current Pakatan Harapan 
policy on a negotiated tender. There has been no substantive policy change, 
no new ...",8 Oct 2019
Vattenfall wins 760MW of Dutch zero-subsidy offshore wind ...,"Vattenfall won the latest zero-subsidy tender for a 760MW offshore wind 
farm off the Netherlands – and will pay a €2m ($2.25m) “ground rent” fee 
for the ...",10 Jul 2019
SPRM terima banyak aduan monopoli tender,"KUALA TERENGGANU: Suruhanjaya Pencegahan Rasuah Malaysia (SPRM) mengakui 
menerima banyak laporan berkaitan penipuan dan monopoli membabitkan tender 
serta ...",25 Aug 2019
The viral WhatsApp forward on ‘challenge vote’ and ‘tender vote’ is a hoax,"If you find that someone has already cast your vote, then ask for ""tender 
vote"" and cast your vote. If any polling booth records more than 14% tender 
votes ...",5 Apr 2019
Pharmaniaga likely to remain key distributor even with open ...,"PHARMANIAGA Bhd should be unaffected in the near term as the migration to 
an open tender method for the distribution of pharmaceuticals in the 
national ...",4 Nov 2019
Chinese firm eyes billions of dollars in Sao Paulo tenders,"SAO PAULO (Reuters) - CR20, a subsidiary of China Railway Construction Corp 
(CRCC) 601186.SS is interested in billions of dollars of infrastructure 
tenders ...",7 Aug 2019
New immigration system tender attracts 30 bids,"The government is in the process of pre-qualifying the bidders after the 
tender closed on Aug 19, the sources say. A RM3.5 billion contract for the 
new ...",18 Sep 2019
"UPDATE 1-Trafigura wins major 2020 tender to supply Taiwan's CPC with U.S. 
crude","(Adds Trafigura quote). SINGAPORE, Nov 29 (Reuters) -. * Taiwanese refiner 
CPC Corp has bought U.S. West Texas Intermediate (WTI) Midland crude from 
trading ...",29 Nov 2019
FIA open tender for standard gearbox suppliers in F1 from ...,"Standardised gearboxes could form part of Formula 1's future between 2021 
and 2024 after governing body the FIA opened a tender.",19 Feb 2019
UPDATE 1-Pakistan LNG cancels huge 10-year LNG tender -sources,"... * Tender cancelled due to inadequate demand - source. * Co to turn to 
spot imports instead - source (Adds detail). SINGAPORE, Oct 15 (Reuters) ...",15 Oct 2019
"Tender Buttons, a One-of-a-Kind New York Institution, Closes Shop","Tender Buttons has closed its doors, and we have lost an enchanted place. 
On the Upper East Side of Manhattan, from a tranquil storefront in a trim 
brick ...",16 Sep 2019
"Breathe easy, shareholder plaintiffs: SCOTUS tosses Emulex tender offer case","Breathe easy, shareholder plaintiffs: SCOTUS tosses Emulex tender offer 
case ... a right to sue over allegedly deficient tender offer disclosures?",23 Apr 2019
Equinox Payments and ACCEO Tender Retail Deliver PCI 5.x ...,"By integrating ACCEO's Tender Retail software on the Luxe 8500i and Luxe 
6200m, merchants and POS vendors gain unprecedented access to fully 
integrated ...",14 Jan 2019
Lebanon energy ministry delays petrol tender one week,"BEIRUT (Reuters) - Lebanon's energy ministry delayed a fuel tender by one 
week on Monday to allow for more competition as it seeks to stave off 
supply ...",2 Dec 2019
Tender Greens Leads The Charge In Gender Diversity By ...,"Tender Greens CEO, Denyelle Bruno, announces the company's commitment to 
have 50% of their restaurant leadership positions held by women by 2020. 
""As a ...",30 Apr 2019
Tender: Henti jumpa di luar untuk 'minum-minum',"CYBERJAYA - Pegawai awam dan syarikat berkaitan kerajaan (GLC) yang 
terlibat dalam pemberian tender perlu menghentikan budaya 'entertainment 
dealing', ...",2 Dec 2019
MMTC postpones tender to buy corn again: traders,"The tender seeks corn (maize) free of genetically-modified organisms 
(GMOs). The volume purchased will be decided by MMTC depending on the level 
of prices ...",4 Jun 2019
China CITIC Bank International Limited announces ...,"The Company is making the Offer only by, and pursuant to the terms of, the 
Tender Offer Memorandum. The Offer is not being made to (nor will tenders 
of Notes be ...",25 Feb 2019
FIA releases new standard parts tender for key F1 fuel system parts,"The deadline for submissions for the latest tender is June 15, with a 
decision to be made by July 15. As is the case with the other tenders, it 
will cover the ...",20 May 2019
KAC seeks approval to issue Gimpo arrivals tender | Travel ...,"Korea Airports Corporation (KAC) is hoping to receive approval from the 
government to issue a tender for a single duty free arrivals shop at Seoul 
Gimpo ...",12 Apr 2019
Qatar Petroleum launches massive tender for up to 100 LNG ...,"The tender for expanded LNG carrier fleet also covers shipping requirements 
from the Golden Pass LNG export project in the US which will be purchased 
and ...",23 Apr 2019
Slim Chickens to Serve Tender Mac Bowls at All Locations,"The Original Tender Mac & Cheese Bowl features Slim Chicken's signature mac 
and cheese, hand-breaded chicken tenders and is topped with a blend of 
shredded ...",5 Nov 2019
Winmore Launches New Bid and Tender Management ...,"“Our cloud-based solution helps freight forwarders and freight brokers 
prioritize and increase the win rates of the tenders that drive the most 
margin, align ...",14 Jan 2019
Zambia awards 120 MW in highly competitive solar tender,"This is the first time a tariff below USD 0.04/kWh is achieved through a 
public tender in Sub-Saharan Africa, it noted. The weighted average of all 
six bids ...",5 Apr 2019
Six Precautions For Your Tender New Fruit Trees,"Some were planted as bare root trees and others were planted from pots. The 
following are six precautions to take with your tender new fruit trees. 
One, make ...",7 Jun 2019
Kontraktor guna penyata bank palsu dapat 793 tender KPM,"Pegawai Tugas-tugas Khas kepada Menteri Pendidikan, Ulya Aqamah Husamudin 
berkata, tender tersebut meliputi 319 Bekalan Makanan Bermasak (BMB), ...",13 Sep 2019
German rail operator holds Europe-wide PPA tender for green power,"FRANKFURT (Reuters) - German railway operator Deutsche Bahn [DBN.UL] has 
launched a tender for 5% of its annual electricity supply from renewable 
sources ...",14 Oct 2019
Open tender sale for HK consulate property may draw higher ...,"KUALA LUMPUR: The sale of the Malaysian consulate building in Hong Kong is 
being conducted via an international open tender process at a reserve price 
of ...",30 Mar 2019
Unum Group Announces Cash Tender Offer for Certain ...,"Unum Group Announces Cash Tender Offer for Certain Outstanding Debt 
Securities. September 04, 2019 08:35 AM Eastern Daylight Time. CHATTANOOGA, 
Tenn.--(BUSINESS ...",4 Sep 2019
"Worrying 'business as usual' trend in contract, tender processes","The minister, Salahuddin Ayub wrote to Prime Minister Dr Mahathir Mohamad 
recommending that a RM1.4 billion tender be given to the Nafas, claiming he 
didn't ...",27 Nov 2019
Cambodia tender secures lowest solar power price in ...,"Cambodia tender secures lowest solar power price in Southeast Asia. The 
Asian Development Bank-backed procurement round attracted 26 bidders for 
the 60 MW ...",6 Sep 2019
Equinor and Orsted win New York 1.7GW offshore wind tender ...,"The New York State Energy and Research Development Authority (NYSERDA), 
which oversees the offshore wind tender process, will buy ORECs from the 
developers ...",18 Jul 2019
German PV tender brings average solar price of €0.049/kWh,"Germany's Federal Network Agency, the Bundesnetzagentur, selected 27 solar 
projects with a combined generation capacity of 153 MW in the PV tender 
completed ...",21 Oct 2019
JAB Extends Partial Cash Tender Offer to Acquire up to 150 ...,"(NYSE:COTY) Class A common stock (the “Shares”) at a price of $11.65 per 
share in cash. The tender offer is now scheduled to expire at 5:00 p.m., 
New York City ...",19 Apr 2019
Tunisia launches tender for another 70 MW of solar,"The tender is part of a series planned by the Tunisian government, which 
aims to install around 1 GW of renewable energy capacity in the period 
2017-2020.",15 Jul 2019
Singapore preps SE Asia's 'largest public floating solar tender',"Commissioning authority PUB last month issued a tender to design, build, 
own and operate the project, for which DNV GL says it has already carried 
out ...",4 Jul 2019
Siasat segera isu tender RM1 bilion Nafas,"Lembaga tender tersebut telah membuat keputusan yang terbaik bagi pihak 
kerajaan,"" katanya. Jais berkata, difahamkan pelbagai pihak telah membuat 
aduan kepada ...",24 Nov 2019
GE Announces Debt Tender Offers,"GE Announces Tender Offers to Purchase up to $5,000,000,000 of its Existing 
Debt, including for Certain of its Outstanding U.S. Dollar-Denominated 
Debt ...",12 Sep 2019
Tender bot FIC: SPRM semak jika ada penyelewengan,"LATHEEFA Koya. FOTO Arkib NSTP. SURUHANJAYA Pencegahan Rasuah Malaysia 
(SPRM) akan menyemak jika terdapat laporan wujudnya penyelewengan berhubung 
tender bot ...",3 Dec 2019
Petrobras Announces Commencement Of Cash Tender Offers,"The Tender Offers are being made pursuant to the terms and conditions set 
forth in the offer to purchase, dated July 1, 2019 (the ""Offer to Purchase"" 
and, ...",1 Jul 2019
Publix chicken tender subs on sale for $6.99 through Sept. 25,"Get 'em while you can, folks. Everyone's favorite Publix sandwich — the 
chicken tender sub — will be on sale through Sept. 25, according to the 
latest ad ...",19 Sep 2019
Ford Recommends Shareholders Reject Below-Market Mini ...,"Ford is not associated with this mini-tender offer and does not endorse 
Baker Mills' unsolicited offer. Ford recommends against shareholders 
tendering their ...",3 Jan 2019
Tender pakej kerja sivil ECRL bermula suku keempat,"KUALA LUMPUR: Tawaran tender untuk kontraktor tempatan bagi pakej 
kerja-kerja sivil projek Laluan Rel Pantai Timur (ECRL) akan bermula pada 
suku keempat ini ...",2 Aug 2019
"Third tender floated for construction of 90km-section of bullet train 
project","The National High Speed Rail Corporation Limited (NHSRCL), which is 
executing the ambitious bullet train project, has issued the third tender 
related to the ...",2 Aug 2019
"Odisha cabinet approves tender for ISBT, Baramunda project","The state cabinet approved the tender for development of the ISBT at 
Baramunda and for a bus depot at Khandagiri in the city for shifting of the 
present ...",26 Sep 2019
Tender: Fiji seeks grid-connected renewable energy,"Contact: The Secretary Tender Committee. Email: TDelairewa@efl.com.fj. 
Deadline: Wednesday 20th November 2019 AT 4:00 PM (UTC+16:00).",15 Oct 2019
Peace Centre/Peace Mansion collective sale tender extended ...,"The tender closing date, previously scheduled for April 11, is now May 3, 
at 3pm. It is the owners' fifth attempt at a collective sale. The prime 
mixed ...",15 Mar 2019
Zimbabwe government bans use of foreign currency as legal ...,"HARARE, June 24 (Xinhua) -- The Zimbabwe government has banned the use of 
foreign currency as legal tender alongside the local RTGS dollar, in an 
apparent ...",24 Jun 2019
Tender Hearts Café: Giving those with special needs a chance,"Located on the top floor of Summit USJ, Tender Hearts Café was opened in 
April 2018. SUBANG JAYA: It goes without saying that people with special 
needs tend to ...",16 Aug 2019
SECI's Manufacturing-Linked Solar Tender Receives Good ...,"After a slew of underperforming solar tenders in the past, this solar 
tender has been oversubscribed by 1,000 MW. In this auction, Adani Green 
Energy submitted ...",13 Nov 2019
RMB Capital Opposes Tender Offer from Bandai Namco to ...,"CHICAGO--(BUSINESS WIRE)--RMB Capital (“RMB”), an independent investment 
advisory firm, opposes the tender offer by Bandai Namco Holdings Inc. (7832 
JP) to ...",5 Nov 2019
Dunkin' pilots multi-tender options for loyalty program,"Dunkin' has unveiled a multi-tender option that allows DD Perks Rewards 
Program members to earn DD Perks Points regardless of how they pay at over 
1,000 ...",17 Apr 2019
India Floats First Tender to Build Solar Projects in Kashmir,"India issued a tender on Tuesday to build 7.5-gigawatt of solar power 
projects in the insurgency hit state of Jammu and Kashmir, state-run Solar 
Energy ...",1 Jan 2019
Tenders to import rice aimed at increasing supply,"CAIRO - 12 March 2019: The General Authority for Supply Commodities (GASC) 
announced on Tuesday it will invite a third tender to import white short 
and ...",12 Mar 2019
"The Rangers unveiled a two-pound chicken tender because everything is 
bigger in Texas","The Rangers unveiled a two-pound chicken tender because everything is 
bigger in Texas. (via @DarrenRovell on Twitter). By Jake Mintz ...",12 Mar 2019
Miner BHP releases first tender for LNG shipment of iron ore,"L on Friday said it had released the world's first tender for LNG-fueled 
transport to carry up to 27 million tonnes, or about 10 percent, of its 
iron ore as ...",12 Jul 2019
Vattenfall to Compete in Hollandse Kust Zuid 3 & 4 Tender,"In March 2018, the Swedish energy company won the Hollandse Kust Zuid 1 & 2 
tender with a zero subsidy bid. ”Vattenfall is strongly committed to the 
Dutch ...",28 Feb 2019
Staples Successfully Completes Tender Offer for Outstanding ...,"The shares tendered in the tender offer represent, together with the 
4,203,631 shares already owned by Egg Parent, Egg Merger Sub or any of 
their respective "" ...",31 Jan 2019
Collective sale tender of The Arcade in Collyer Quay given ...,"We have taken this feedback into consideration and have revised the tender 
closing date."" Colliers said it has also revised the land rate upon 
receiving the ...",16 Dec 2019
Kabinet putuskan Bangunan Malaysia di HK dijual secara ...,"Menurutnya, kabinet memutuskan proses penjualan dan pelupusan hartanah itu 
dilakukan secara tender terbuka untuk memastikan kerajaan mendapat nilai 
terbaik. “ ...",27 Mar 2019
KPM nafi terima tekanan dalam proses tender sekolah,"Berikut adalah kenyataan penuh KPM berhubung pelaksanaan perolehan bekalan 
dan perkhidmatan bagi tender makanan, kebersihan dan keselamatan di 
kementerian ...",1 Dec 2019
Signet UK Finance plc Announces a Cash Tender Offer for Its ...,"(2) Inclusive of the Early Tender Premium. (3) Represents outstanding 
principal amount of Notes. The Tender Offer will expire at 11:59 p.m., New 
York City time, ...",5 Sep 2019
Gazit Globe Announces Self Tender Offer for Up to NIS 290 ...,"U.S. shareholders who are interested in tendering their shares to the 
Company or who have questions concerning the Tender Offer should contact 
Gazit's Investor ...",20 Mar 2019
Book review: This Tender Land — by William Kent Krueger,"Book review: This Tender Land — by William Kent Krueger. Mon, 10/14/2019 - 
11:43am meganj. By: Jenny Lyons. (Atria Books). The epigraph at the 
beginning of ...",14 Oct 2019
Loxam SAS Announces a Recommended Public Cash Tender ...,"Commenting on the Tender Offer – Ulf Lundahl, Chairman of the Board of 
Directors of Ramirent: “Founded in 1955, Ramirent has developed into an 
equipment rental ...",10 Jun 2019
Petrobras Announces Final Results Of Its Private Exchange ...,"PGF paid an aggregate amount of U.S.$59,473,594.47 as tender consideration 
for the Old Notes accepted in the Cash Offers, including those validly 
tendered ...",18 Sep 2019
"Railways to float global tender for Train 18; Siemens, BHEL ...","Railways to float global tender for Train 18; Siemens, BHEL part of 
bidding. Shine Jacob | New Delhi | Last Updated at December 14 2019 23:42 
IST.",14 Dec 2019
KPM nafi tender dibolot penyokong Bersatu,"PUTRAJAYA - Kementerian Pendidikan Malaysia (KPM) menafikan dakwaan bahawa 
tender perkhidmatan bekalan makanan bermasak di asrama sekolah dibolot 
penyokong ...",7 Jan 2019
SAGO issues tender for wheat purchase | 2019-06-27,"RIYADH, SAUDI ARABIA — Saudi Arabia's main state wheat buying agency, the 
Saudi Grains Organization (SAGO), on June 27 issued an international tender 
to ...",27 Jun 2019
"All coins are legal tender irrespective of design, should be accepted: RBI","MUMBAI: The Reserve Bank of India (RBI) has said that all coins of 
denomination 50 paise and above are legal tender irrespective of design and 
should be ...",28 Jun 2019
India issues $1bn tender for country's first undersea rail tunnel ...,"The National High Speed Rail Corporation, the body overseeing India's first 
high-speed rail project, has issued a tender for the country's first 
underwater ...",29 Apr 2019
"Govt tenders worth Rs 25k-cr cancelled, modified for Make in ...","Government tenders worth over Rs 25,000 crore were either cancelled or 
re-issued after the Department for Promotion of Industry and Internal Trade 
(DPIIT) ...",4 Aug 2019
UPDATE 1-Group including China Harbour wins tender for Israeli power plant,"The group - also comprised of investment firm Mivtach Shamir Holdings and 
Rapac Energy - won a tender for the plant in the wake of a government 
reform from ...",2 Jul 2019
"Anytime you want use up a lot of tender herbs, make this easy rice","1 cup lightly packed fresh herb leaves and tender stems (choose one or more 
from parsley, cilantro, mint, dill, tarragon, basil; see OVERVIEW) · 1 3/4 
cups low- ...",5 Jul 2019
Lucara sees diamond price rise in Dec tender,"Lucara's final diamond tender of 2019 generated sales of US$52.9 million, 
16% higher than expected, at an average price of US$548 per carat - some 
40% ...",19 Dec 2019
Eswatini 40 MW solar tender attracts 13 approved bidders ...,"The authority opened a tender for the renewables capacity in mid-May. The 
list includes African Clean Energy Development and Cigenco, from South 
Africa; the EDF ...",29 Oct 2019
Jean Philip De Tender: World Conference of Science ...,"I'm Jean Philip De Tender, Director of Media at the European Broadcasting 
Union. Our Director-General, Noel Curran, sends his sincere regrets that he 
cannot ...",1 Jul 2019
Revealed: The 19 winners of the Liverpool City Region AEB tender,"FE Week has been leaked the name of the 19 providers who've won a slice of 
the funding that went out to tender, but their contract values have not yet 
been ...",20 May 2019
Hudson Global Announces Final Results of Tender Offer,"The Tender Offer expired at 12:00 midnight, New York City time, on Friday, 
March 22, 2019. Based on the final count by Computershare Trust Company, 
N.A., the ...",27 Mar 2019
ECB publishes indicative calendars for the Eurosystem's ...,"The European Central Bank (ECB) has today published the indicative 
calendars for the Eurosystem's regular tender operations and reserve 
maintenance periods ...",9 Aug 2019
Labuan MACC submits report on alleged conspiracy in port ...,"Labuan Liberty Port Management lodged a report with MACC on 'leaked' port 
tender results on Dec 17. (Bernama pic). LABUAN: The Labuan Malaysian ...",29 Dec 2019
"Macy's, Inc. Announces Debt Tender Offer","CUSIP Number · Title of Security · Original Issuer (1) · Aggregate 
Principal Amount Outstanding · Tender Cap (2) · Acceptance Priority Level · 
Early Tender Premium (3).",3 Dec 2019
Kyrgyzstan: Passport tender farrago exposes weakness of anti ...,"The arrests are related to a tender awarded in late 2018. The GKNB had 
hinted at imminent action in an April 2 statement in which it revealed that 
it was ...",19 Apr 2019
JAB takes back majority control of Coty with tender offer,"... successfully boosted its stake in problem-plagued cosmetics maker Coty, 
taking back majority control after strong investor response to its tender 
offer.",29 Apr 2019
Schlumberger Announces Tender Offer for Any and All of ...,"Schlumberger Announces Tender Offer for Any and All of Schlumberger 
Holdings Corporation's Outstanding 3.000% Senior Notes Due 2020 and 3.625% 
Senior Notes Due ...",18 Sep 2019
Tender bekal baja subsidi mungkin diberi kepada NAFAS,"GURUN: Tender membekal baja menerusi skim subsidi negara dijangka diberi 
secara terus kepada kilang milik Pertubuhan Peladang Kebangsaan (NAFAS) 
iaitu NPK ...",4 Feb 2019
"An actor, once undocumented, got cast as a border detention guard. It was a 
revelation.","Actor Carlo Albán plays a security officer in a detention center in George 
Brant's “Tender Age” at O'Neill's National Playwrights Conference.",17 Jul 2019
Enercon dips to €31.8MWh for Turkish tender,"Turkey's energy ministry has awarded 1GW in an onshore wind tender with the 
offer divided evenly between German turbine maker Enercon and Turkish 
energy ...",30 May 2019
Province issues tender for Peggys Cove upgrades,"The tender says the existing composting toilets have been around for 25 
years and have ""generally been considered a success."" A new public washroom 
with ...",25 Nov 2019
URA launches tender for Irwell Bank Road residential site,"SINGAPORE - The Urban Redevelopment Authority (URA) has launched a 
residential site at Irwell Bank Road for sale by public tender, it said on 
Thursday (Oct ...",31 Oct 2019
"In 'This Tender Land,' writer crafts a Minnesota odyssey on the Mississippi","St. Paul writer William Kent Krueger shows us what an Odyssean story set in 
Depression-era Minnesota would look like in “This Tender Land,” a tale of 
four ...",25 Sep 2019
"NT Chief Minister says tender process for $12m grandstand did not meet 
public expectations","Any perception of a conflict of interest could now see tenders cancelled; 
Michael Gunner will not refer the turf club tender to the auditor-general. 
In July, ...",13 Sep 2019
EDF-led group wins Dunkirk offshore wind tender | Recharge,"A consortium led by the renewables unit of French utility EDF has won the 
tender for close to 600MW of offshore wind in the Dunkirk development zone 
off ...",14 Jun 2019
Start-up of the day: Carefree electric travel with EP Tender ...,"The EP Tender looks like a camper's tiny pod caravan that's towed behind an 
ordinary car – but it isn't! It is actually a mobile battery that will 
someday ...",18 Nov 2019
"Polemik Pemenang Tender Proyek Stadion BMW, Harga Tertinggi Kok Bisa 
Menang? | merdeka.com","Hal ini lantaran PT Jakarta Propertindo (Jakpro) telah menentukan PT Wijaya 
Karya Bangunan Gedung-PT Jaya Konstruksi-PT PP memenangkan tender dengan 
nilai ...",11 Sep 2019
Germany's last onshore wind tender for 2019 oversubscribed,"However, unlike the previous tenders which were heavily undersubscribed, 
the latest one was slightly oversubscribed, attracting 76 bids for a total 
of 685.84 MW ...",20 Dec 2019
These ingredients from your kitchen can help in making meat juicy and tender,"You can tenderize meat in a number of ways with the use of natural 
ingredients in the kitchen. While preparing your favorite meat dishes, 
tender meat is always ...",26 Mar 2019
Tender baru baju kalis api bomba dibuka,"Menteri Perumahan dan Kerajaan Tempatan (KPKT), Zuraida Kamaruddin berkata, 
tender baharu itu dikeluarkan kerana anggota bomba memerlukan baju 
keselamatan ...",19 Jan 2019
"FIA opens F1 tender for brake systems, wheel rims","The FIA has opened tenders for standard brake systems and wheel rims in 
Formula 1 from 2021 as part of its ongoing push to drive down costs for 
teams.",29 Apr 2019
MGTO hoping for input into Macau gaming license re-tender ...,"MGTO hoping for input into Macau gaming license re-tender process ... The 
head of the Macao Government Tourism Office (MGTO), Maria Helena de Senna 
Fernandes, ...",23 May 2019
"Amid protest over Kashmir, MMTC modifies tender, bars onion import from 
Pakistan","Amid protest, state-owned MMTC has barred suppliers from sourcing onions 
from Pakistan while modifying its tender for import of 2,000 tonnes of the 
key ...",14 Sep 2019
Bids fall to USD 42/MWh in Malaysia's 500-MW solar tender,"September 4 (Renewables Now) - The third tender under Malaysia's Large 
Scale Solar (LSS) programme attracted bids as low as MYR 0.1777 (USD 
0.042/EUR 0.038) ...",4 Sep 2019
"Man goes to Whataburger, gets Texas-shaped tender","Gilbert Galvan went to a Whataburger in Lytle around 4:15 a.m. Monday when 
he got a Texas-shaped tender. ""I work at the H-E-B overnight, so I stopped 
by for a ...",9 Dec 2019
Winners and prices of Tunisia's 500 MW PV tender,"The tariff was the lowest bid in the tender, as anticipated in July by 
Mehdi Majoul, an adviser to the Tunisian energy ministry. Scatec Solar also 
won a 50 MW ...",20 Dec 2019
Sistem tender terbuka lebih adil,"Presiden Persatuan Kontraktor Bumiputera Malaysia (PKBM), Datuk Azman 
Yusoff berkata, sistem tender terbuka yang diamalkan kerajaan sekarang jauh 
lebih baik ...",7 Aug 2019
Ontario cannabis distributor cancels tender for same-day pot deliveries,"Cancellation notice was posted Friday on the Ontario government's tender 
portal. The Canadian Press · Posted: Apr 28, 2019 4:04 PM ET | Last 
Updated: April 28, ...",28 Apr 2019
"Menteri rimas rakan, ahli parti minta AP, tender","tender dalam kementerian. Itu 'direngekkan' ke telinga menteri,” katanya 
ketika berucap pada majlis perhimpunan bulanan kementerian di sini hari 
ini. Bercakap ...",22 May 2019
NHS England bid to change CCG tendering rules could 'make ...,"Don't we know for sure that most NHS contracts are put out to tender, and 
that legal challenges leave commissioners bogged down and unable to focus 
on what ...",15 May 2019
Tipu tender Aswara: Kartel IT didenda hampir RM2 juta - MyCC,"Tipu tender Aswara: Kartel IT didenda hampir RM2 juta - MyCC. Hariz Mohd. 5 
Mar 2019, 1:54 am. Dikemaskini 2 tahun lepas.",5 Mar 2019
"Indonesia opens tender for three geothermal prospects at Galunggung, Lainea 
and Wilis","The working areas for tender are Galunggung 55 MW, Lainea 20 MW, and Wilis 
20 MW.",26 Oct 2019
Verizon announces tender offers for 20 series of notes of ...,"Upon the terms and subject to the conditions set forth in this Offer to 
Purchase, holders who validly tender Notes at or prior to the applicable 
Expiration ...",24 Oct 2019
Rebut tender guna keupayaan sendiri - Awang Tengah,"BETONG: Kontraktor Bumiputera di Sarawak perlu menghapuskan kebergantungan 
pada konsep 'ali baba' untuk mendapatkan projek, sebaliknya harus merebut 
tender ...",13 Apr 2019
Chesapeake Energy Corporation Announces Cash Tender ...,"Chesapeake Energy Corporation Announces Cash Tender Offer and Consent 
Solicitation For 6.875% Senior Notes Due 2025 Issued by Brazos Valley 
Longhorn, L.L.C. and ...",4 Dec 2019
"Botswana cancels 100 MW PV tender, plans new procurement ...","The canceled tender was seeking investors for the construction of two 50 MW 
PV plants, as part of a joint venture with local utility BPC. The new 
tender ...",27 May 2019
Adelaide to competitively tender rail and tram operations,"THE state government of South Australia has announced that it will launch 
tenders for operation of Adelaide Metro tram and commuter rail services, ...",1 Jul 2019
"Pahang Skills tapis semua tender, projek","KUANTAN - Pahang Skills akan menapis semua tender dan projek daripada 
mana-mana syarikat sama ada kerajaan ataupun swasta bagi memastikan 
pengurusan ...",27 Aug 2019
Tender terbuka: NAFAS akan tidak bernyawa,"Masalah yang timbul hari ini adalah kerana Kementerian Pertanian membuka 
tender untuk kerja-kerja membekalkan baja subsidi dan tender itu telah 
diproses.",22 Nov 2019
HC notice to MSMC over ‘fixed’ coal washery tender,"The petitioner also wondered why tendering authority had filed a caveat. 
Another petition questioning the tender condition by Maharashtra Mineral 
Mining and ...",10 Sep 2019
"MP govt books ‘unnamed politicians’ in Rs 3,000 crore e-tendering scam","MP govt books 'unnamed politicians' in Rs 3,000 crore e-tendering scam. The 
Economic Offences Wing lodged an FIR against “unnamed politicians and 
bureaucrats”, ...",10 Apr 2019
Prague Airport issues duty free tender with ten-year contract at ...,"Prague Václav Havel Airport has issued a tender for a ten-year duty free 
contract covering 4,372sq m across terminals 1 and 2.",2 Jan 2019
Dutch Zero Subsidy Offshore Wind Tender Open for Applications,"The Netherlands Enterprise Agency (RVO.nl) has opened a tender to build and 
operate offshore wind farms without subsidies at the Hollandse Kust (zuid) 
III ...",4 Mar 2019
JBS SA Announces Early Tender Results Of JBS Investments ...,"JBS Investments has been advised that as of the Early Tender Payment 
Deadline, U.S.$413,109,000 in aggregate principal amount of the 2023 Notes, 
representing ...",5 Aug 2019
"'That’s legal tender, pal': bill aims to force shops to take Scottish notes","Indeed, no banknotes are classed as legal tender in Scotland, where only 
coins are counted as such. The technical term refers to repayment of debts 
and has ...",12 Apr 2019
Greece goes smaller with end-of-year solar tender,"Greece has opted to slightly trim the capacity on offer at the year's last 
solar-only tender, setting ceiling prices that reflect the gradual 
technology ...",16 Sep 2019
Bill that sets new legal tender limits for coins passed in ...,"This means a total of 100 coins across all five coin denominations capped 
for each payment, with the S$1 coin coming under the legal tender limit for 
the ...",14 Jan 2019
Why A's All-Star reliever Blake Treinen could be non-tender ...,"Teams usually non-tender a player because they believe the salary he would 
receive in arbitration is greater than his value on the field. Treinen, who 
earned ...",12 Oct 2019
Report: Ravens Place Second-Round Tender on LB Patrick ...,"A first-round tender costs a baseline of $4.4 million. Pierce could also be 
a candidate for an extension . No word yet on the RFA tender for Ravens DT 
Michael ...",8 Mar 2019
ECRL committee shortlists 331 potential bidders for 4Q tender ...,"Minister of Finance Inc's wholly-owned subsidiary MRL said in a statement 
today that calls for local contractors to submit their tenders will start 
in the ...",2 Aug 2019
"Service with a smile: Subang's Tender Hearts Cafe proves people with 
disabilities can do the job","Tender Hearts' lovely and warm staff (from left) Sue Ann, Sharon Lee, 
Danny, Aizat and Sek Yi. — Picture by Choo Choy May.",9 Aug 2019
MTY Food Group Inc. Completes Tender Offer for Papa ...,"The Tender Offer was effected by MTY Columbia Merger Sub, Inc. (“Merger 
Sub”), a wholly owned subsidiary of MTY. The Tender Offer, which was made 
pursuant to ...",23 May 2019
Uzbekistan launches 100 MW solar tender for southwest – pv ...,"Uzbekistan launches 100 MW solar tender for southwest. State-owned energy 
company Uzbekenergo has issued a request for pre-qualification for the 
projects, ...",4 Feb 2019
SECI's 750 MW Rajasthan Solar Tender Oversubscribed by ...,"A 750 MW solar tender floated by the Solar Energy Corporation of India 
(SECI) has been oversubscribed by 350 MW today. A SECI official confirmed 
the closing ...",4 Jun 2019
Airports of Thailand announces timetable for duty free tender,"According to documents sent to DFNI by a source close to the bid, two of 
the highly competitive tenders – duty free and other retail – will run in 
tandem ...",12 Mar 2019
Cloud Peak Energy Announces Extension of Its Previously ...,"(the “Tender Offer”) to (i) participate as a lender in its $35.0 million 
Superpriority Senior Secured Priming Debtor-in-Possession Credit Agreement 
(the “DIP ...",25 Jun 2019
Qatar Petroleum issues EPC tender for LNG expansion project,"The tender package has been issued to three EPC consortiums: one comprising 
Japan's Chiyoda Corporation and France's Technip, another comprising 
Japan's JGC ...",15 Apr 2019
Tender Comrades Part Two: Tshwane tenderpreneur’s R15m ‘EFF tithe’,"Tender Comrades Part Two: Tshwane tenderpreneur's R15m 'EFF tithe'. By 
Stefaans Brummer & Micah Reddy for amaBhungane• 29 September 2019. Caption.",29 Sep 2019
Solarpack lands solar PPA for 116 MW in Malaysian tender,"The deal to sell electricity for MYR 231.8 (USD 56.7/EUR 50.6) per MWh was 
awarded to Solarpack in a competitive tender launched by the Malaysian 
energy ...",2 Jan 2020
Assam Announces Tender to Install 8 MW of Rooftop Solar for ...,"The Assam Energy Development Agency (AEDA) has issued a tender to set up 8 
MW of rooftop solar photovoltaic (PV) projects with the net metering 
facility.",13 Aug 2019
Average price in Germany's first special PV tender reaches ...,"The ceiling price for the tender had been set at €0.089/kWh. For 
comparison, in the agency's most recent regular PV tenders in February, 
final prices ranged ...",29 Mar 2019
World of difference between RFPs and open tenders — Ravinder Singh,"When the tender closes, all the tenders or bids received are opened by a 
selection committee and normally the lowest tender is accepted. If the 
price is the ...",28 May 2019
Capgemini has filed its friendly tender offer for Altran with the ...,"The tender offer and the draft offer document remain subject to review by 
the French Autorité des marchés financiers. The transaction remains subject 
to the ...",23 Sep 2019
"Kisruh Stadion Jakarta, DPRD DKI Minta Tender Ulang News","Jakarta, CNBC Indonesia- DPRD DKI Jakarta meminta PT Jakarta Propertindo 
(Jakpro) untuk melakukan tender ulang dan membatalkan pemenang tender 
proyek ...",11 Sep 2019
"Tender terbuka, rundingan terus: 'Satu lagi janji manifesto ditipu'","Terdahulu, Perdana Menteri berkata, kerajaan berhak untuk menentukan sama 
ada pemberian tender Pertubuhan Peladang Kebangsaan (Nafas) secara terbuka 
ataupun ...",24 Nov 2019
"GBC Wibawa sambut baik tindakan MyCC bongkar kegiatan kartel tender 
kontraktor pembinaan","Md Nasir Ibrahim menyambut baik pendedahan Suruhanjaya Persaingan Malaysia 
(MyCC) berhubung terdapat komplot monopoli tender oleh kontraktor pembinaan.",26 Aug 2019
Verizon announces tender offers for 15 series of notes,"Holders who validly tender their Notes after the applicable Early 
Participation Date, but at or prior to the applicable Expiration Date, will 
be eligible to ...",16 Apr 2019
State Street Bank and Trust Company Launches Cash Tender ...,"Includes the Early Tender Payment for 2047 Debentures validly tendered 
prior to the Early Tender Date (and not validly withdrawn) and accepted for 
purchase. The ...",21 Oct 2019
"Reminder tender: Plant design, supply & installation, Olkaria I Unit 1-3 
geothermal units, Kenya","This is a quick reminder only on the tender by KenGen for the 
Rehabilitation of the Olkaria I Units 1, 2 & 3 geothermal power plant units 
at Olkaria, Kenya.",12 Oct 2019
"3 land parcels awarded under new tender mode, Environment ...","Three land parcels have been awarded for agriculture on 20-year leases at 
Sungei Tengah near Choa Chu Kang through a new tender process, which first 
looks ...",19 Feb 2019
"Kemelut tender sampah Kedah, Perlis; dua individu ditahan SPRM","KUALA LUMPUR: Kemelut agihan tender kutip sampah oleh syarikat pengurusan 
sisa pepejal bagi Kedah dan Perlis memasuki episod baharu apabila seorang 
ketua ...",24 Jun 2019
11 MLB non-tender candidates who could become free agents,"Major League Baseball's deadline to tender contracts to 
arbitration-eligible players is Monday at 8 p.m. ET, and those who are 
non-tendered immediately ...",2 Dec 2019
Malaysia Airports kicks off 'commercial reset' with tenders at ...,"The airport operator has now released several retail tenders across two of 
Malaysia's international hubs – Kuala Lumpur International Airport (KLIA) 
and Kuching ...",4 Jan 2019
"Mayor Masina: I am going nowhere, as R1.9bn tender scandal hots up","Ekurhuleni Mayor Mzwandile Masina has refuted any wrong-doing in the 
awarding of the R1.9 billion chemical toilet tender. He explained that the 
three-year ...",10 Jul 2019
Invention of the Publix Chicken Tender Sub Claimed by ...,"The grocery store reports that the first corporate record of a chicken 
tender Pub sub recipe and procedure dates back to 1992 or 1993, at least 
four years ...",12 Jun 2019
CAULIPOWER's Game-Changing Chicken Tenders Are ...,"24, 2019 /PRNewswire/ -- CAULIPOWER®, the makers of the #1 better-for-you 
pizza in the U.S., turned up the heat on the frozen chicken tender 
industry ...",24 Sep 2019
GGRAsia – Macau govt preparing gaming licences tender ...,"26/2001, which provides the terms and conditions of the public tender 
organised to grant concessions to operate casinos in Macau. The Macau 
government had ...",13 May 2019
VPower Group wins Myanmar's emergency power tender,"The energy ministry did not immediately respond to requests for comment by 
The Myanmar Times. It is unclear who won the tender for the fifth project 
-- a 120-MW ...",11 Oct 2019
"'Kami ambil serius integriti, ketelusan tender penganjuran APEC 2020' - MITI","Kementerian Perdagangan Antarabangsa dan Industri mengambil secara serius 
tahap integriti dan ketelusan tatacara tender penganjuran Sidang Kemuncak 
Pemimpin ...",9 Dec 2019
Poland's Ekstraklasa launches betting rights tender,"Polish top-tier club football competition Ekstraklasa has launched a tender 
offering sportstbook operators the opportunity to broadcast live coverage 
of its ...",14 Mar 2019
Labuan Port's open tender ensures transparency,"LABUAN: Labuan Port Authority (LPA) yesterday denied the request for 
proposals (RFP) or open tender of the Labuan containerised port of Labuan 
Liberty Wharf ...",20 Aug 2019
The rush job: Myanmar's 'impossible' emergency power tender,"The aim of the tender is to ensure Myanmar, and particularly Yangon, avoid 
crippling power shortages next hot season. The tender deadline was July 29, 
a window ...",25 Sep 2019
"Sekongkol Tender Proyek RSUD Makassar, 2 Perusahaan ...","Makassar - Komisi Pengawasan Persaingan Usaha (KPPU) menjatuhkan hukuman 
kepada 4 perusahaan di Makassar. Mereka terbukti melakukan persekongkolan 
tender ...",3 Sep 2019
"IFC to help Kosovo* design, tender its first solar PPP project","Private partners will participate in the open-bidding, competitive tender 
where the offered price will be the auction parameter, IFC said in an 
emailed ...",18 Oct 2019
Ethiopia launches a tender for 800 MW of solar across four ...,"The nation's Ministry of Finance is tendering six large-scale projects in 
Afar, Somali, Oromia and Tigray. The plants will be developed under a ...",18 Jan 2019
"Wind Energy Tenders Back In India, 1.2 Gigawatts Offered","In the fresh tender, SECI will allow a single bidder to bid for as much as 
600 megawatts, double the maximum allowed bid in the previous tender where 
2 ...",5 Jan 2019
"Settler leader seeks to fry McDonald’s airport tender over West Bank 
‘boycott’","McDonald's used to operate two restaurants in Ben Gurion Airport but closed 
them in 2011 after losing to competitor Burger Ranch in a tender. At the 
time Ynet ...",3 Jun 2019
Navy mulls scrapping Rs 20k-cr tender for building four amphibious warships,"The tender is for building four Landing Platform Docks (LPDs) for the 
Indian Navy which were meant for carrying both helicopters and amphibious 
land warfare ...",8 Nov 2019
Akuo wins 370 MW in Portugal's PV tender with a record-low bid,"Akuo wins 370 MW in Portugal's PV tender with a record-low bid. Solar 
array. Author: U.S. Department of Agriculture . August 9 (Renewables Now) - 
French ...",9 Aug 2019
Maharashtra Announces Tender for 137 MW of Solar Projects ...,"The scope of work for this tender includes the design, engineering, 
manufacturing, supply, testing, and commissioning of the following 
projects:.",30 Jul 2019
"ICF restarts production of Train-18, floats fresh tender","CHENNAI: Indian Railways' premier coach manufacturing unit Integral Coach 
Factory (ICF) on Sunday floated a new tender for procurement of 
electrical ...",23 Dec 2019
Iarnród Éireann seeks tender for largest and greenest fleet in ...,"The tender process has begun for the largest and greenest fleet order in 
Irish public transport history for up to 600 electric / battery-electric 
powered ...",28 May 2019
"Portugal delays lithium tender for third time, aims for early 2020","LISBON (Reuters) - Portugal has delayed an international licensing tender 
for lithium exploration for the third time, with the government aiming to 
launch ...",28 Dec 2019
TenneT Issues UXO Survey and Clearance Tender,"Dutch transmission system operator TenneT TSO B.V. has issued a tender for 
offshore unexploded ordnance (UXO) survey, identification and clearance at 
the ...",13 Nov 2019
Revealed: The 30 winners of the Greater London Authority AEB tender,"A tender for a slice of the funding got underway in October and the list of 
winners was endorsed last month, with the plan to feedback to bidders on 
April ...",22 May 2019
Jakpro Buka-bukaan Soal Penilaian Tender Stadion BMW | merdeka.com,"Merdeka.com - PT Jakarta Propertindo (Jakpro) memastikan tender Jakarta 
International Stadion (JIS) atau dikenal Stadion BMW berjalan dengan baik.",14 Sep 2019
Call for Entries: Announcement of the Tender for the ...,"Call for Entries: Announcement of the Tender for the Architectural Design 
of OPPO International Headquarters Building · 4.1 Application & 
Qualification Review",26 Jun 2019
Results of the voluntary partial tender offers,"On 27 May 2019, the tender offer and the offer document were amended and 
updated and the cash payment offer was increased to EUR 7.20 per 
Biofrontera share.",24 Jul 2019
SECI's Auction for 922.4 MW Out of its 2 GW CPSU Solar ...,"Solar Energy Corporation of India (SECI) has conducted the auction for its 
tender for setting up 2,000 MW of grid-connected solar projects (Tranche-I) 
under ...",26 Sep 2019
The Superyacht Tenders Report out now,"Whether it be a limousine tender that provides guests with their first 
experience of the mothership, a diving boat, sports vessel, catamaran or 
beach lander, ...",23 Jul 2019
Revealed: The 5 winners of the Cambridgeshire and Peterborough AEB tender,"Cambridgeshire and Peterborough combined authority has released the list of 
providers who've won a slice of the funding that went out to tender to FE 
Week, but ...",23 May 2019
2 years ago Reds Non-Tender Kevin Gausman,"Reds Non-Tender Kevin Gausman. December 2nd, 2019 at 7:17pm CST • By 
Anthony Franco. The Reds have non-tendered Kevin Gausman, reports Mark 
Sheldon of ...",2 Dec 2019
Govt to open tender for large-scale solar power projects next ...,"""There will be some changes on how we will tender it (LSS project), but it 
will be more innovative and hopefully drive the cost even lower,"" said Yeo 
at the ...",11 Jul 2019
Tender will be held to convert iconic inn into five-star hotel,"But the tender had been canceled due to a number of lawsuits filed against 
the plans. Following the conclusion of the legal process in favor of the 
General ...",31 Dec 2019
Saudi plans to invite bids for nuclear power project in 2020: sources,"DUBAI/RIYADH (Reuters) - Saudi Arabia plans to issue a multi-billion-dollar 
tender in 2020 to construct its first two nuclear power reactors and is ...",4 Apr 2019
Baltimore Orioles: Any More Surprises Before Monday’s Non-Tender Deadline?,"Today should give fans of all 30 Major League Baseball teams plenty to talk 
about, as the deadline to tender contracts to arbitration-eligible players 
is ...",2 Dec 2019
EDF-led consortium wins Moroccan tender for 800 MW CSP ...,"EDF-led consortium wins Moroccan tender for 800 MW CSP-PV project with 
price of $0.070/kWh. The grouping, which includes UAE-based Masdar and 
Moroccan ...",23 May 2019
Tender terbuka jual aset M'sia di HK - Menteri kewangan,"Penjualan aset bangunan Malaysia di Hong Kong yang kini melalui proses 
tender terbuka antarabangsa dengan harga rizab RM1.6 bilion, dijangka 
menerima bidaan ...",30 Mar 2019
Tidak semua projek perlu tender terbuka - MB Perak,"IPOH: Kerajaan Perak menegaskan tidak semua projek membabitkan kepentingan 
rakyat dan kerajaan perlu dilaksanakan menerusi tender terbuka, terutama 
jika ia ...",18 Oct 2019
AAI cancels ground handling tender,"The Airports Authority of India (AAI) has cancelled its tender for ground 
handling services at 76 airports following concerns over some short-listed 
bidders ...",11 Jun 2019
Second wind farm tender draws high investor interest to Turkey | Daily Sabah,"Dedicated to multiplying its renewable capacity, Turkey is poised to hold 
its second wind power plant tender as part of the YEKA scheme, which has 
drawn ...",27 May 2019
UPDATED: NTPC Floats Tender for 923 MW of Solar Projects ...,"The tender has been floated under tranche II of the second phase of the 
central public sector undertaking (CPSU) program, which is a part of the 
National Solar ...",4 Dec 2019
"Tender: consulting service for geothermal surface studies at Empexa, Bolivia","Tender: consulting service for geothermal surface studies at Empexa, 
Bolivia. Alexander Richter. 2 years ago. With a grant provided through the 
Geothermal ...",15 Mar 2019
Junior Ainaa showing poise and maturity beyond her tender age,"PETALING JAYA: Noor Ainaa Amani Ampandi may only be 17 and still a national 
junior squash player – but her performances on the court have been nothing 
but ...",18 Apr 2019
"Botswana cancels 100MW tender, will be relisted for IPPs","Botswana has cancelled a proposed 100MW solar tender, with plans to adjust 
the ownership of the projects behind the decision. The Botswana Power 
Corporation ...",28 May 2019
RS Renate Bertlmann: Tender Touches,"About. Renate BERTLMANN's online exhibition 'Tender Touches' features new 
editions from the radical Austrian artist's 'Tender Object' series. The 
presentation ...",31 May 2019
Crown Estate Presents Offshore Wind Leasing Round 4 ...,"Tender rules will ensure that projects are awarded in at least three 
separate seabed Bidding Areas, with a maximum of 3.5GW of project within 
any one area, ...",19 Jul 2019
Latest Malaysian tender attracts bids for 6.7 GW of capacity,"The cheapest price offered in the tender was MYR0.17777/kWh ($0.042) for 
the power generated by a proposed 100 MW solar project, the maximum size 
developers ...",5 Sep 2019
Govt officially discloses results of energy tender after delay,"Myanmar's Ministry of Energy and Electricity has finally disclosed the 
tender results for five emergency power projects, one and a half months 
after issuing ...",28 Oct 2019
Cleveland Browns place fifth-round tender on RFA Rashard Higgins,"The Cleveland Browns began preparing for free agency on Friday by placing 
free agent tenders on wide receiver Rashard Higgins, defensive tackle 
Trevon Coley ...",8 Mar 2019
India's 10 GW mega tender has now been trimmed to 3 GW,"The Solar Energy Corporation of India (SECI) is refusing to give up on a 
tendering exercise originally intended to drive 5 GW of domestic PV 
manufacturing ...",30 Jan 2019
Malaysia's IL Energy finds partner for 500-MW solar tender,"Malaysia's IL Energy finds partner for 500-MW solar tender. Solar module. 
Author: Oregon Department of Transportation. License: Creative Commons ...",29 Jul 2019
"Angola to launch tender this month for 100,000 barrel Soyo ...","The government of Angola has begun holding roadshows for construction 
companies and investors ahead of the launch of an international tender for 
the Soyo oil ...",14 Oct 2019
Renfe to launch tender for up to 105 regional trains,"THE board of Spanish national train operator Renfe approved a tender for up 
to 105 regional trains at a meeting in Madrid on May 7. 
Renfe-regional-GUBLER.",7 May 2019
Bids drop in France's latest rooftop solar tender,"October 9 (Renewables Now) - France's eight tender for rooftop solar power 
capacity has awarded 129.4 MW of projects at final average prices lower 
than in ...",9 Oct 2019
Estonia's procurement dispute settlement committee cancels ...,"Estonia's procurement dispute settlement committee cancels LMT's win in 
rifle tender. 2019-01-21; BNS/TBT Staff. Photo: ...",21 Jan 2019
Greek tender awards 143 MW of PV at €0.06195/kWh,"Greece's fourth tender exercise for renewables this year took place on 
Monday and allocated solar and wind power projects in separate sections of 
the ...",4 Jul 2019
Roche extends tender offer to Spark Therapeutics ...,"... for $4.3 billion — has extended its tender offer to Spark's 
shareholders. The $114.50 per share tender offer was set to expire at 5 
p.m. on Nov. 25.",22 Nov 2019
"China expands drug bulk-buy program, puts pressure on pharma firms","The tenders for the two drugs in last year's pilot program were won by 
Chinese ... while the sole winner of a tender could win up to a 50% share 
of purchase ...",2 Sep 2019
DNA Plc: Statement of the board of directors of DNA regarding ...,"The Tender Offer is made in accordance with the terms and conditions of the 
tender offer document published by the Offeror on 28 August 2019 (the 
""Tender ...",3 Sep 2019
"Permainan Tender dan Mark Up Proyek di Tasikmalaya, Negara Rugi Rp4 Miliar 
| merdeka.com","Merdeka.com - Penyidik Kejaksaan Tinggi (Kejati) Jawa Barat membongkar 
permainan tender dalam proyek jalan dan jembatan Ciawi-Singaparna (Cisinga) 
senilai ...",17 Jul 2019
Lowest bid in Tunisia's 500 MW solar tender comes in at ...,"“The prices proposed under this tender will help bring down the cost of 
production of electricity nationwide and reduce the bill for energy 
subsidies in ...",23 Jul 2019
Brazil schedules first renewables tender of Bolsonaro era ...,"Brazil has scheduled for 27 June a tender to contract new wind, solar, 
biomass and small-hydro projects, kick-starting the long-term tendering 
process ...",11 Mar 2019
MyHSR akan panggil tender untuk lantik perunding penasihat komersial,"KUALA LUMPUR: MyHSR Corporation Sdn Bhd (MyHSR Corp) hari ini memanggil 
tender untuk melantik perunding penasihat komersial (CAC) bagi melaksanakan 
langkah ...",9 May 2019
Cameroon tender: SONATREL seeks bidders to execute ...,"Eligible bidders can obtain information from the Directorate-General of the 
National Electricity Transport Company (SONATREL) and take knowledge of the 
tender ...",24 May 2019
"Revealed: The big winners of the controversial £310m European Social Fund 
tender","The agency said the contracts were awarded through a “stringent procurement 
process, which adhered to EU rules of open, fair and competitive tendering, 
and was ...",29 May 2019
"Cardinals Offer Tender To Ricky Seals-Jones, Re-Sign DJ ...","The Cards extended tender offers to two other exclusive rights free agents: 
Guard Jeremy Vujnovich and tight end Darrell Daniels.",8 Mar 2019
Tender Greens Promotes Jack Oh to CMO,"Each of the 30 kitchens nationwide is run by its own executive chef who 
holds the food to a higher standard. Tender Greens explores local markets 
and ...",28 Aug 2019
"No plastic straws? No problem! TN tender coconut sellers find ingenious 
replacements","TN tender coconut sellers find ingenious replacements. From papaya stalks 
to bamboo stems, they are leaving no cylindrical objects unturned.",13 Jan 2019
GEFCO implements Descartes Route Optimisation software to ...,"... optimisation software to enhance its tender and simulation processes. 
... to better respond to calls for tenders and to carry out internal 
studies.",22 May 2021
Perini Navi Eco-Tender launched in Viareggio,"The all-aluminium motor yacht is due for delivery in April this year and 
has been built as a tender and supplementary vessel for a client who also 
owns a 52- ...",4 Mar 2019
Unity Technologies Announces Close of Additional Investment ...,"Unity will open the tender to all common shareholders, the majority of whom 
are current and former employees. “We welcome D1 Capital Partners, Light 
Street ...",25 Jul 2019
"Tender: Design, supply, installation of geothermal power plant, Dominica","Dominica Geothermal Development Company has issue da tender for bids for 
the design, procurement, delivery, installation, commissioning, operation 
and ...",23 Sep 2019
"NFL Free Agency 2019: Seattle Seahawks place second-round tender onGeorge 
Fant","The biggest name on that list of Seattle Seahawks restricted free agents 
was offensive tackle George Fant, and he was given a second-round tender by 
the ...",13 Mar 2019
"Book review: ‘This Tender Land’ a harrowing Depression-era coming-of-age 
tale - South Florida Sun Sentinel","“This Tender Land' by William Kent Krueger. Atria Books, $27, 464 pages. 
Strands of the adventures of Huck Finn and Tom Sawyer on the Mississippi 
River echo ...",16 Sep 2019
Tender Greens to Land in Arsenal Yards,"Tender Greens has 29 locations concentrated in the West Coast. Boylston 
Properties and Wilder announced that Tender Greens has signed a 3,017 sq. 
ft. lease at ...",7 Feb 2019
Solar the only winner in German renewables tender,"German Federal Network Agency the Bundesnetzagentur reported the tender 
allocated 37 solar projects with a total generation capacity of 202 MW 
after the receipt ...",27 Nov 2019
Qatar Petroleum Issues NFE Tender,"Oil and gas firm Qatar Petroleum has issued an Invitation to tender for 
development of four liquefied natural gas mega-trains at its North Field 
Expansion ...",17 Apr 2019
Cinta projek tender RM75 juta,"Saya dilantik sebagai pembantu guaman bebas bagi membantu lelaki itu 
mendapatkan tender kerajaan bagi sebuah projek dalam Rancangan Malaysia 
Kesembilan (RMK9).",25 Aug 2019
Uzma tenders for large-scale solar projects,"Kenanga Research in a report said the company is currently in the midst of 
tendering for several LSS3 bids at varying equity stakes ranging from 40% 
to 80%.",7 Jun 2019
AAHK issues gifts/souvenirs and thematic retail tenders ...,"Hong Kong International Airport (HKIA) is inviting interested parties to 
tender for two separate retail concessions occupying approximately 252sq m 
of space ...",28 Jan 2019
Morocco issues 200 MW PV tender – pv magazine International,"Morocco issues 200 MW PV tender. Through the procurement, now at the 
pre-qualification stage, Moroccan state-owned utility ONE aims to build 
seven large-scale ...",15 Jan 2019
"AHTC case: WP leaders Low Thia Khiang, Sylvia Lim ...","They did so to ensure FMSS could be appointed without tender, says judge. 
Workers ...",12 Oct 2019
Erdoğan says Turkey will hold Canal Istanbul tender in coming weeks,"Turkey will hold a tender for Canal Istanbul, a mega-infrastructure project 
involving the construction of a 45-kilometer shipping canal in Istanbul 
parallel ...",21 Dec 2019
Tender for New Vado Ligure Breakwater Announced,"The Western Ligurian Sea Port Authority (Ports of Genoa, Italy) has 
released a €80 million tender for the design and construction of the Port 
of Vado ...",24 Sep 2019
Ferry tender provokes CalMac challenge,"Ferry tender provokes CalMac challenge. October 15, 2019 at 11:56 am CalMac 
Ferries has challenged the decision by Transport Scotland to award the 
Northern ...",15 Oct 2019
Eagles reportedly use second-round tender on Nate Sudfeld,"As expected, the team placed a second-round level tender on the backup 
quarterback, according to a report from Adam Caplan. The tender is worth 
about $3 ...",11 Mar 2019
Tender pra-kelayakan bina Hospital Pasir Gudang kini dibuka,"KUALA LUMPUR - Kementerian Kesihatan (KKM) sedang pada tahap membuka tender 
pra-kelayakan bagi membina sebuah hospital kerajaan di dalam kawasan 
Pasir ...",27 Mar 2019
AoC wins secretive T-levels transition offer tender,"The DfE refused to release the tender documents, list who is eligible to 
apply or even say how much the contract is worth. The department again 
today would not ...",14 May 2019
"The general, his wife and dodgy tenders","A top military general and his wife are under investigation following 
allegations of tender rigging, which saw her company receive two contracts 
worth more ...",7 Jul 2019
Algerian 150 MW solar tender secures final price of $0.069 ...,"The Algerian Electricity and Gas Regulation Commission has concluded a 
tender launched in June. The one solar project selected will sell power 
at ...",30 Oct 2019
"5 Foolproof Tips for a Flavorful, Tender Lamb Roast","5 Foolproof Tips for a Flavorful, Tender Lamb Roast. Perfectly roasted lamb 
is the centerpiece your holiday dinner deserves. By Lane Nieset. Updated 
November 27 ...",27 Nov 2019
ÖBB issues double deck EMU tender,"AUSTRIAN Federal Railways (ÖBB) has published a tender for up to 95 
double-deck EMUs, split into three versions – up to 60 at 160m in 
length, ...",16 May 2019
"Tender: Plant design, supply, installation Olkaria I units geothermal 
rehabilitation","KenGen has published a tender notice for the procurement of plant design, 
supply and installation of units 1, 2, and 3 of the Olkaria I geothermal 
power ...",23 Apr 2019
Hong Kong postpones Kai Tak land tender following violent protests,"Market observers expect the tender to be delayed for at least two weeks 
until the situation in the city is fully under control; Prime land on site 
of former ...",13 Jun 2019
Chile launches tender for value-added lithium projects,"Chile launches tender for value-added lithium projects ... SANTIAGO 
(Reuters) - Chile said on Monday it would shortly begin accepting bids from 
local and foreign ...",25 Mar 2019
"Tender for govt land to be opened in December, says Zuraida","A CALL for tenders on 72 plots of federal government-owned land will be 
opened in December for the construction of affordable homes, said Housing 
and Local ...",21 Nov 2019
Tender opened for various mining activities incl. geothermal in Romania,"As part of a wider bidding process started for mining activities and 
concessions, two geothermal area have been set up for tender in Romania ...",30 Aug 2019
ITTF releases preliminary information prior to issuing of ...,"The International Table Tennis Federation (ITTF) has released preliminary 
information prior to issuing a commercial rights tender at the end of this 
month.",2 Mar 2019
SECI Tenders 1.2 GW of Solar-Wind Storage Projects with ...,"In this tender, a project should have at least two components. One will be 
the energy storage system (ESS) component and the other will be the 
renewable ...",2 Aug 2019
EWEC opens 2 GW Al Dhafra tender in Abu Dhabi,"pv magazine has contacted EWEC for more details about the reported tender 
for the 20km² site. Having reportedly received 48 expressions of interest 
in ...",5 Jul 2019
Shell to continue search in renewables after losing Eneco tender,"LONDON (Reuters) - Royal Dutch Shell RDSa.L said on Monday it was 
disappointed to lose a tender for Dutch renewable energy business Eneco 
which went to a ...",25 Nov 2019
Burkina Faso tender: Construction of 90kV transmission line ...,"Tenders must be submitted to SONABEL at the address provided above no later 
than 12 March 2019 at 9.00 GMT. Subscribe to tenders service. For more 
detailed ...",20 Feb 2019
Menteri PUPR: Tender Jakarta International Stadium Bisa Diulang,"Sebab, tender itu memenangkan konsorsium PT Wijaya Karya Bangunan Gedung, 
PT Jaya Konstruksi dan PT Pembangunan Perumahan (PP). Padahal harga yang 
ditawarkan ...",11 Sep 2019
Tender Coconut: Rich In Nutrients And A Great Ingredient For Desserts,"This dessert combines the textures of tender coconut with coconut milk and 
is served cold. Over the years, I've seen elaneer payasam make an 
appearance in many ...",7 Jan 2019
No open tender for Marris contract - Perak MB,"The road maintenance contract under the Malaysian Road Records Information 
System (Marris) in Perak was awarded to a company without an open 
tender, ...",18 Oct 2019
Tender Greens promises to up female leadership,"Tender Greens is committed to ensuring 50% of leadership roles, from chefs 
to restaurant management, will be held by women by year's end of 2020.",3 May 2019
Thai utility EGAT launches tender for 58.5 MW floating project,"Thai utility EGAT launches tender for 58.5 MW floating project. The project 
is part of the utility's plan to deploy large-scale floating PV 
installations at ...",20 Jun 2019
Euronext launches 625 mln euros tender offer for all Oslo Bors shares,"PARIS, Jan 14 (Reuters) - Pan-European stock market operator Euronext said 
it had launched a tender offer for all the shares of Norwegian stock 
market ...",13 Jan 2019
Israel gets three bidders for huge desalination plant,"The tender also includes the option to build a private 150 MW power plant. 
The Finance Ministry did not say when a final choice would be made, but it 
expects ...",16 May 2019
"GPA sets date for Exito offer, as France's Casino simplifies Latam holdings","RIO DE JANEIRO, Oct 19 (Reuters) - Brazilian retailer GPA formally 
announced the terms for a tender offer to acquire shares of Colombian 
retailer Almacenes ...",19 Oct 2019
Ukraine strips U.S. firm Trident of oil exploration rights in Black Sea,"The tender was awarded under the previous government of Prime Minister 
Volodymyr Groysman, who lost power after a July snap election that brought 
a new ...",12 Sep 2019
"China-backed consortium wins $14 billion Guinea iron ore deal, pipping 
Australia's Fortescue","CONAKRY (Reuters) - A consortium representing Chinese, French and 
Singaporean interests won a $14 billion tender to develop part of Guinea's 
Simandou iron ...",13 Nov 2019
Ceva Logistics Board Rejects Stock Buyout Bid by CMA CGM,"Ceva Logistics' board of directors has recommended that shareholders reject 
a tender offer from CMA CGM to buy all of the publicly held shares of stock 
in ...",29 Jan 2019
Sapura Energy bags RM760 mil worth of contracts,"... Company Ltd for the provision of its semi-submersible tender assisted 
drilling rig Sapura Esperanza, namely to drill three wells offshore Sarawak.",7 Jan 2019
Santander agrees deal to buy back its Madrid headquarters - sources,"In January a court ruled the brothers had won a tender with a cash bid for 
the complex, net of debt, of 283 million euros (£254 million).",3 Jul 2019
Adam Neumann's $1.7 billion golden parachute could be ...,"The $9.5 billion rescue deal consists of the $3 billion tender offer, the 
acceleration of a $1.5 billion warrant — which SoftBank CEO Masayoshi Son 
spoke with ...",22 Nov 2019
U.S. lawmakers blast Chinese rail firm amid cybersecurity fears,"CRRC was not invited to testify at the hearing, just weeks before the May 
31 due date for bids for the Washington D.C. tender.",16 May 2019
Brazil's Petrobras says board member Lins tenders resignation: filing,"Brazil's Petrobras says board member Lins tenders resignation: filing. By 
Reuters Staff. 1 Min Read. FILE PHOTO: A logo of Brazil's state-run 
Petrobras oil ...",2 Jan 2020
GVC Holdings' Hornby to be appointed Restaurant Group CEO- Sky News,"... as its preferred candidate, prompting him to tender his resignation 
from the owner of the Ladbrokes betting chain, the report bit.ly/2GOgxCM 
added.",1 May 2019
UPDATE 1-Nigeria's Forte Oil seeks to sell power unit to top investor,"A public tender to sell the power asset received “unexpectedly low 
interest”, Forte said, adding that pricing proposals it received did not 
meet its ...",17 Jan 2019
Asia Naphtha/Gasoline-Gasoline crack stays under pressure,"South Korea's LG Chem emerged to buy naphtha for first-half March delivery, 
making this the first tender in South Korea for the purchase of March 
cargoes.",16 Jan 2019
'Lady on Fire' by female promise Sciamma sets Cannes ablaze,"CANNES, France (Reuters) - “Portrait of a Lady on Fire”, a tender story of 
an 18th century painter who falls in love with her muse, has set Cannes 
ablaze, ...",20 May 2019
Russian ESPO crude premiums slide as China's demand softens -sources,"The premiums are nearly $1 a barrel lower than a Surgutneftegaz ESPO tender 
awarded on Monday for cargoes loading on Dec. 31-Jan. 5 and Jan.",20 Nov 2019
Brazil's Bolsonaro begins Israel visit with embassy decision pending,"... Calcalist, reported on Sunday that Brazilian state-run oil firm 
Petrobras was considering bidding in a new tender to explore for oil and 
gas offshore ...",31 Mar 2019
"Ram Dass, psychedelic drug pioneer, dies at home aged 88","“With tender hearts we share that Ram Dass (born Richard Alpert) died 
peacefully at home in Maui on December 22, 2019 surrounded by loved ones,” 
according ...",22 Dec 2019
Watchdog clears possible Metro takeover by Czech investor Kretinsky,"... Kretinsky's vehicle Global Commerce (EPGC), co-owned by him and Slovak 
investor Patrik Tkac, was working on the financing for a possible tender 
offer.",21 Feb 2019
South Africa's Eskom takes Deloitte to court alleging improper contracts,"Mabuza said Eskom was asking the court to declare the activities relating 
to a batch of tenders “unlawful and unconstitutional, to set aside the 
awards, ...",21 Oct 2019
Bruises on dark skin: Symptoms and treatment,"They may feel tender or sore, but they are often a surface injury that will 
heal with time. With that said, more severe bruises may need medical 
attention. Bad ...",5 Sep 2019
"Exclusive: Germany sees 8.86 billion euro cost to operate Tornado jets to 
2030","... fighter jet to replace its Tornado fleet in coming years, dropping 
Lockheed Martin's F-35 stealth fighter from a tender worth billions of 
euros.",10 Apr 2019
"Epididymal Cyst: Symptoms, Causes, Diagnosis, Treatment","Tender, swollen, or hardened testicles; Pain in the groin or lower back and 
abdomen. Epididymal cysts typically don't have symptoms ...",11 Jul 2019
Exclusive: Romania's opposition seeks Huawei ban in telecom infrastructure,"“It's crucially urgent to block any public deals, contracts, tenders with 
the Chinese company.” Huawei has repeatedly denied spying or intending to 
spy for the ...",5 Mar 2019
Fighting for the rights of the ivy gourd,"Tender ivy gourds can also be used in salads with boiled chana (chickpeas). 
“We make a pickle of tendli along with carrots, green papaya and dates. 
This lip- ...",30 Jun 2019
Norway clears way for Euronext to secure Oslo Bors in Nasdaq battle,"He expects them to tender their shares to Euronext now since the offer 
filed by Nasdaq is unlikely to proceed. “I don't think Nasdaq intends to be 
an ...",12 May 2019
Saudi Aramco books European naphtha for Asia after attacks,"Aramco also won a spot tender to buy a 38,000 tonne cargo from Egypt's EGPC 
... “So far they've [Aramco Trading] paid three huge numbers on tenders,” 
the ...",20 Sep 2019
Strawberry shortcakes with balsamic berries and cream,"Overworking the dough will activate the gluten and will give a tough 
shortcake rather than the tender and short texture we are looking for.",2 Oct 2019
Top Benefits Of Onion For Hair,"If you have tender onions, they are likely to yield more juice. Can I make 
onion hair oil? Onion hair oil works wonders for your hair when used 
regularly, at ...",26 Mar 2019
"Novartis CEO sees China M&A hampered by data, regulatory standards","Narasimhan added he anticipates impending structural reforms in China, 
including for drug tendering, will free up $30 billion as the market shifts 
to ...",23 May 2019
Team Taco's Open in Rountree,"Tender zucchini and still-toothsome carrots are coated in just enough rojo 
sauce to make you sweat a bit. And in the Globetrotter, the unctuousness of 
the ...",27 Sep 2019
Morning Briefing: Mets Go For Series Split with Giants,"Joel Sherman of the New York Post shared his thoughts on how the Mets 
handled tendering and then non-tendering catcher Travis d'Arnaud.",21 Jul 2019
"Brandi Redmond’s Daughter Was Hospitalized: ""It’s Been a Hard Week""","The best was Brinkley asking them if they were tired being concerned for 
them. I love her sweet tender heart. #redmondpartyof5."" brandiredmond 
Verified.",4 Sep 2019
Beatrice Ojakangas: Lefse makes the season bright,"Cook the potatoes until tender and drain. Let stand until cold. Press 
through a ricer and mix in the salt and flour until dough resembles pastry. 
Divide into 4 ...",4 Dec 2019
Bulgarian-Russian Singer Kristian Kostov Talks Chinese 'Singer' Competition,"... second-place finish at Eurovision in 2017 and a profound appreciation 
for China, all while displaying a maturity level that goes beyond his 
tender age.",20 Feb 2019
Delaware GOP strongly condemns local chairs homophobic ...,"The Delaware Republican Party is condemning the language used by two of its 
local leaders, including New Castle County Chair Chris Rowe who is 
tendering his ...",2 Jan 2020
Ahead of summer Kalimark launches 30 new variants of ...,"was a 100 per cent natural tender coconut water without any preservatives 
and colour. Akshara Hassan launched seven products under the Zipsy range of 
180 ml ...",9 May 2019
Oven Roasted Corn on the Cob,"Whether you purchase white or yellow, sweet corn is so deliciously crisp 
and tender that it can be cut fresh from the cob and added to dishes 
without being ...",14 May 2019
"Tracing Zimbabwe's economic crisis: Fuel shortages, hunger ...","The trigger for a sudden surge in prices came last month, when the US 
dollar was abandoned as legal tender, 10 years after Zimbabwe ditched its 
worthless ...",23 Jul 2019
Perdue Foods Recalls Perdue Simply Smart Organics Poultry ...,"bulk boxes of “Chef Quik Breaded Chicken Tenders Boneless Tender Shaped 
Chicken Breast Patties with Rib Meat” with Case Code 22143 on the label. 
10-lb. bulk ...",31 May 2019
A village where people risk their lives for want of a bridge,"""Due to communication constraints we are deprived of the basic 
emergencyservices like the fire tenders and ambulances in times of need,"" 
Jabar said.",3 May 2019
Hong Kong reports second property deal default as mood turns sour,"The local government was also forced to extend the tender closure deadline 
for a piece of residential land at Kai Tak, to give investors time to get 
over ...",20 Jun 2019
Top 20 American construction companies in the Middle East,"Projects and Tenders · Products and Services · Lists · Construction Week 
Power 100 · Top 50 GCC Developers · Top MEP Contractors and Consultants ...",2 Jul 2019
Recipe: Asparagus with Almonds & Feta/Goat Cheese,"Add the olive oil, asparagus, garlic and fresh squeezed lemon juice. Saute 
until asparagus are barely tender, about 4 minutes. Add cheese and almonds, 
saute a ...",20 Feb 2019
Gagasan Nadi ends flattish after strong start on debut day,"... Board as a Grade G7 contractor, which allows the group to tender for 
projects with unlimited values as well as bumiputera-allocated projects.",9 Jan 2019
Mushroom Bourguignon Recipe - NYT Cooking,"Partly cover the pot and simmer on low heat until carrots and onions are 
tender and sauce is thick, 30 to 40 minutes. Taste and add more salt and 
tamari if ...",31 Dec 2019
First shortlists announced for TMT M&A Awards 2019,"VEON's mandatory tender offer for the remaining shares in GTH for US$2.3bn. 
Advised by Citi and LionTree (VEON). Inmarsat (UK) – subject to closing",4 Sep 2019
Canadian police nab nine suspected members of powerful Mafia clan,"We can tender that in court with no worry of recant due to fear from the 
community and the 'Ndrangheta,” he added. The Canadian investigation is 
ongoing, ...",18 Jul 2019
Beloved 'Star Trek: Deep Space Nine' Actor René Auberjonois Dies at 79,"The Auberjonois family migrated to Paris after the end of World War II, and 
it was there, at the tender age of 6, that René decided to become an actor.",10 Dec 2019
"A short history of Indian economy 1947-2019: Tryst with destiny & other 
stories","Prime Minister Morarji Desai withdrew the legal-tender status of ₹1,000, 
₹5,000 and ₹10,000 banknotes in a crackdown on illicit wealth.",14 Aug 2019
Queen Victoria's Relationship With Her Children - How Many ...,"In another she expanded, ""Abstractedly, I have no tender for [babies] till 
they have become a little human; an ugly baby is a very nasty object – and 
the ...",13 Jan 2019
Thessaloniki Port Authority SA Selects Consortium led by,"... and preparation of the detailed design, management of the construction 
procurement tender, and project management/supervision during construction.",5 Sep 2019
Review: Feedel Bistro takes Ethiopian and Eritrean food to new heights,"It's my cellar door, and Feedel's version makes me very happy. Doro wat, a 
traditional spicy stew that includes a tender chicken leg and a hard. 
Caption.",11 Sep 2019
Tories pretend to be factchecking service during leaders' debate,"Tory-linked PR firm granted £3m Covid-19 contract without tender. 3 Aug 
2020 · Tories set up 'Labour manifesto' website to attack Corbyn's plans.",19 Nov 2019
Recipe: Hot Indo-Chinese Vegetable Platter,"Saute mixing all vegetables for five minutes until slightly tender. Add 
chilli flakes, red chilli powder, Ajinomoto, salt, chilli sauce, soya 
sauce, ...",12 Oct 2019
"Egypt to see gas boost from BP fields, Zohr as Cairo returns to export 
market","Molla said results of two exploration tenders held last year for 27 blocks 
would be announced during the three-day forum, and that it had seen 
“high ...",11 Feb 2019
Mandy Wiener: Gavin Watson's death – Brett Kebble 2.0?,"More videos. WATCH: Gavin Watson belittles Bosasa staff, talks of his 
tender 'networks'. 2m 11s. WATCH ...",27 Aug 2019
"11 Bedtime Snacks Approved by Kids, Moms & Nutritionists","... is plant-based chicken tenders. They provide protein to boost fullness 
throughout the night, and kids love munching on chicken tenders as a fun 
snack.",20 Feb 2019
A royal photographer shared his favorite photos of the family from 2019,"This ""tender moment"" between Harry and Meghan was captured during one of 
their first appearances since the birth of their son, Archie, in May.",20 Nov 2019
The water lily genome and the early evolution of flowering plants,"For the Hi-C sequencing and scaffolding, a Hi-C library was created from 
tender leaves of N. colorata. In brief, the leaves were fixed with 
formaldehyde and ...",18 Dec 2019
Global: Facebook's Libra fails the Hayek test,"The liquidity risk can be exacerbated by the fact that, by contrast with 
state currencies, there is no obligation to accept the Libra: it is not 
legal tender.",9 Jul 2019
"Kazakhs, foreign investors puzzled by power-sharing leaders","Another local businessman said state procurement tenders at the bodies he 
works with have largely been put on hold due to uncertainty about new 
power ...",29 Apr 2019
5 great shows you should watch on Netflix this weekend,"... ""Crashing"" has much of the witty banter and tender moments that fans 
have come to expect from Waller-Bridge, who also wrote much of the show.",14 Aug 2019
Colombian cities gather green speed with electric buses,"Colombia's capital Bogota, however, hopes to claim that top slot in Latin 
America as early as next year. In June, Bogota's mayor announced a tender 
to buy 594 ...",20 Sep 2019
Trump-Kim summit: what was on the 4-course dinner menu in Hanoi.,"Marinated tender sirloin grilled with sauce, served with kimchi fermented 
inside a pear. Course 3: Chocolate lava cake, chocolate crumble, ...",27 Feb 2019
About Us,"Emily O'Donnell is a writer and photographer with roots in some of the 
earliest online fandoms. She cut her genre teeth on the Wizard of Oz books 
at the tender ...",9 Mar 2019
"McDonald's confirms it's bringing international hits to the US — here's 
what's on the menu","""Made with grilled or crispy all white meat, juicy and tender chicken, the 
Tomato Mozzarella Chicken Sandwich is topped with tomato and herb sauce, ...",10 May 2019
Sympathy for the devil: how The Handmaid's Tale finally goes too far,"... The Americans offer subtle examinations of morally dubious figures, the 
villains of The Handmaid's Tale simply haven't earned this tender second 
look.",5 Jun 2019
Recipe: Mediterranean Smoked Lamb Ribs,"Allow the ribs to smoke until the meat is tender, about 3 hours. Makes 6 
servings. Per serving: 680 calories, 36 g fat, (12 g saturated fat), ...",4 Nov 2019
50 Bumble Questions To Ask If You're Tired Of Sending ...,"Slow and tender, or hard and passionately? What's the best date you've ever 
been on? The worst? Who is your dream date (besides me)?; What about my 
profile ...",5 Sep 2019
Easy Okra Stew Recipe,"Cook until the rice is tender, 8 to 10 minutes, then stir in the chickpeas 
and kale leaves. Cook until the chickpeas are warmed through and kale has 
wilted, ...",31 Dec 2019
7 great movies you can watch on Netflix right now,"""Carol"" is a tender, heartwarming love story with plenty of bittersweet 
moments. Based on a Patricia Highsmith novel, the film explores the effects 
of ...",3 Sep 2019
Enercon managing director resigns,"EnBW issues He Dreiht TP tender · Siemens wins €100m for offshore wind 
hydrogen project ... EnBW issues He Dreiht TP tender ...",11 Jul 2019
A Tale Of Two Abortions. “A miscarriage can be a relief for a ...,"My husband was the most supportive caregiver I could have ever asked for, 
and we shared tender moments throughout the day. We signed up “for better 
or for ...",17 Jul 2019
Масляный тендер исполкома Казани с уголовными ...,"Закупка сливочного масла для Департамента продовольствия потянула на два 
уголовных дела. Как «инсайд» из исполкома Казани довел до суда 
поставщика, ...",23 Jul 2019
Have you tried these 25 new Rutherford County restaurants?,"... mild, medium, hot, Mack Attack and Mack's Revenge on catfish, whiting 
fish, tenders, breast quarters, wings, a half-chicken and whole chicken.",1 Oct 2019
Large property housing Courtenay Place adjacent restaurants ...,"It will be sold by tender as one lot through Bayleys Wellington, closing on 
August 7. The property has a rateable value of $17 million and brings in 
$1.6m ...",5 Jul 2019
"Best Romantic Comedies to Watch, Stream Online for Free","With blow-job jokes and tender moments alike, it's the rare rom-com with 
something for everyone! MF. [Find It Here]. Reality Bites pictured: 
Janeane ...",14 Feb 2019
New metro line in Noida-Greater Noida proposed to have 9 stations,"Eventually in the 19th board meeting of the NMRC in March 2019, it was 
decided that ""the DMRC shall assist in designing and preparation of tender 
documents.",4 Dec 2019
THEN AND NOW: The stars of 'Four Weddings and a Funeral' 25 years later,"The award-winning actress played Fiona in ""Four Weddings and a Funeral,"" 
who reveals her feelings to Charles during one of the film's more tender 
moments.",5 Aug 2019
"Review: Stop at gas station, fuel up on Mexican halal at Taquería La 
Costeñita","... pescado (usually grilled tilapia), shrimp with a sauteed mix of onions, 
tomatoes and peppers, or — my favorite — tender, slow-cooked shredded 
barbacoa.",6 Nov 2019
First turbine up at Goldwind's 530-MW Stockyard Hill wind farm,"CAPACITY · TENDERS · M&A · IPOs · REGULATORY · TECHNOLOGY · GREEN BONDS · 
BUSINESS · FUNDING · Research · Press Releases · Events · Advertising.",8 Feb 2019
Tis: Inside the 111 Metre Lürssen Yacht,"... Builders · Brokers · Design & Luxury · Refit · Tenders & Equipment · 
Features ... Builders · Brokers · Design · Refit · Tenders & Equipment · 
Features.",24 Mar 2020
Morgan Spurlock's Holy Chicken Restaurant Hits New York ...,"The Original Grilled Crispy Chicken Sandwich TM (Regular or Spicy); Crunchy 
Greens; L'il Cluckers Chicken Tenders; The Holy Salad. Guests at the pop up 
will ...",11 Sep 2019
Onsite disaster Mock drill conducted at Paradip Refinery,"Under Mutual Aid Scheme, firefighting team with fire tenders from 
neighboring industries from Paradip Port Trust, IFFCO, PPL & Odisha State 
Fire & Emergency ...",27 Jun 2019
"Blak-Blakan, TW Ungkap Kronologi Kasus yang Seret Bos ...","Tersangkut Bak Truk, Cabang Pohon Patah Timpa 3 Kendaraan di Klungkung · 
Ternyata, Rencana Pembangunan Krematorium Sudah Ada Pemenang Tender.",3 Dec 2019
¿Por qué envejece la piel?,"“No es exactamente así, pero sí que es cierto que las pieles grasas suelen 
tender a formar menos arrugas que las secas. Las arrugas son uno de los 
múltiples ...",26 Jun 2019
Komunikat Nr 27/2019 - Ministerstwo Rozwoju i Technologii ...,"Przedsiębiorcy zainteresowani udziałem w przetargu powinny zgłosić się 
poprzez Tenders Electronic Daily (TED) database (ted.eu) do dnia 11 czerwca 
2019r.",1 week ago
Komunikat Nr 41/ 2019 - Ministerstwo Rozwoju i Technologii ...,"... kontraktem powinny zgłosić sie do zamawiajacego za pomocą portalu TED 
(Tenders Electronic Daily, ted.eu) nie później niż do 5 sierpnia br.",23 Jun 2019